lap_number,elapsed_time,pos_x,pos_z,speed,gear,rpm,throttle,brake,fuel,tyre_pressure_fl,tyre_pressure_fr,tyre_pressure_rl,tyre_pressure_rr,tyre_temp_fl,tyre_temp_fr,tyre_temp_rl,tyre_temp_rr
0,0.0005035400390625,0.0,0.0,0.0008745659724809229,4,0,0.0,0.0,29.626220703125,14.817760467529297,14.819215774536133,14.864455223083496,14.849979400634766,12.361001014709473,12.370096206665039,12.65284538269043,12.562373161315918
0,0.018537282943725586,0.0,0.0,0.001348750782199204,4,1,0.0,0.0,29.626220703125,14.817758560180664,14.819212913513184,14.864442825317383,14.849973678588867,12.360989570617676,12.370079040527344,12.652765274047852,12.562333106994629
0,0.03747749328613281,0.0,0.0,0.0025873531121760607,4,0,0.0,0.0,29.626220703125,14.817756652832031,14.819210052490234,14.864429473876953,14.849967002868652,12.360978126525879,12.370061874389648,12.652685165405273,12.56229305267334
0,0.05496525764465332,0.0,0.0,0.002147155813872814,4,0,0.0,0.0,29.626220703125,14.817754745483398,14.819207191467285,14.86441707611084,14.849960327148438,12.360966682434082,12.370044708251953,12.652605056762695,12.56225299835205
0,0.07245373725891113,0.0,0.0,0.001007343060337007,4,1,0.0,0.0,29.626220703125,14.817752838134766,14.819204330444336,14.86440372467041,14.849954605102539,12.360955238342285,12.370027542114258,12.652524948120117,12.562212944030762
0,0.09031295776367188,0.0,0.0,0.002056754194200039,4,1,0.0,0.0,29.626220703125,14.817750930786133,14.819201469421387,14.864391326904297,14.849947929382324,12.360943794250488,12.370010375976562,12.652444839477539,12.562172889709473
0,0.10920929908752441,0.0,0.0,0.0023467072751373053,4,0,0.0,0.0,29.626220703125,14.8177490234375,14.819198608398438,14.864377975463867,14.84994125366211,12.360932350158691,12.369993209838867,12.652364730834961,12.562132835388184
0,0.1267712116241455,0.0,0.0,0.0010766354389488697,4,0,0.0,0.0,29.626220703125,14.817747116088867,14.819196701049805,14.864365577697754,14.849934577941895,12.360920906066895,12.369976043701172,12.652284622192383,12.562092781066895
0,0.14430904388427734,0.0,0.0,0.002036666963249445,4,1,0.0,0.0,29.626220703125,14.817745208740234,14.819192886352539,14.86435317993164,14.84992790222168,12.360909461975098,12.369958877563477,12.652204513549805,12.562052726745605
0,0.162445068359375,0.0,0.0,0.0022352675441652536,4,1,0.0,0.0,29.626220703125,14.817743301391602,14.819190979003906,14.864339828491211,14.849922180175781,12.3608980178833,12.369941711425781,12.652124404907227,12.562012672424316
0,0.18008995056152344,0.0,0.0,0.0014688253868371248,4,0,0.0,0.0,29.626220703125,14.817742347717285,14.819188117980957,14.86432933807373,14.849916458129883,12.360888481140137,12.369927406311035,12.652057647705078,12.561979293823242
0,0.1975414752960205,0.0,0.0,0.0020509096793830395,4,1,0.0,0.0,29.626220703125,14.817740440368652,14.819185256958008,14.864316940307617,14.849910736083984,12.36087703704834,12.36991024017334,12.6519775390625,12.561939239501953
0,0.21468138694763184,0.0,0.0,0.0011147158220410347,4,0,0.0,0.0,29.626220703125,14.81773853302002,14.819183349609375,14.864303588867188,14.84990406036377,12.360865592956543,12.369893074035645,12.651897430419922,12.561899185180664
0,0.24304986000061035,0.0,0.0,0.0007726209005340934,4,0,0.0,0.0,29.626220703125,14.81773567199707,14.819178581237793,14.86428451538086,14.849894523620605,12.360848426818848,12.369867324829102,12.651777267456055,12.56183910369873
0,0.26049304008483887,0.0,0.0,0.001279895193874836,4,1,0.0,0.0,29.626220703125,14.817733764648438,14.819175720214844,14.86427116394043,14.84988784790039,12.36083698272705,12.369850158691406,12.651697158813477,12.561799049377441
0,0.2782268524169922,0.0,0.0,0.00041954079642891884,4,0,0.0,0.0,29.626220703125,14.817731857299805,14.819173812866211,14.864258766174316,14.849881172180176,12.360825538635254,12.369832992553711,12.651617050170898,12.561758995056152
0,0.29867005348205566,0.0,0.0,0.0015913547249510884,4,1,0.0,0.0,29.626220703125,14.817729949951172,14.819169998168945,14.864243507385254,14.849874496459961,12.360812187194824,12.369812965393066,12.65152359008789,12.561712265014648
0,0.3190774917602539,0.0,0.0,0.0008864042465575039,4,1,0.0,0.0,29.626220703125,14.817728042602539,14.819167137145996,14.864229202270508,14.84986686706543,12.360798835754395,12.369792938232422,12.651430130004883,12.561665534973145
0,0.33646368980407715,0.0,0.0,0.0023563045542687178,4,0,0.0,0.0,29.626220703125,14.817726135253906,14.819164276123047,14.864215850830078,14.849860191345215,12.360787391662598,12.369775772094727,12.651350021362305,12.561625480651855
0,0.3585536479949951,0.0,0.0,0.002568538300693035,4,1,0.0,0.0,29.626220703125,14.817724227905273,14.819160461425781,14.864200592041016,14.849852561950684,12.360774040222168,12.369755744934082,12.651256561279297,12.561578750610352
0,0.3781130313873291,0.0,0.0,0.0015580531908199191,4,1,0.0,0.0,29.626220703125,14.81772232055664,14.819157600402832,14.86418628692627,14.849844932556152,12.360760688781738,12.369735717773438,12.651163101196289,12.561532020568848
0,0.3961210250854492,0.0,0.0,0.0023737961892038584,4,0,0.0,0.0,29.626220703125,14.817720413208008,14.819154739379883,14.864173889160156,14.849838256835938,12.360749244689941,12.369718551635742,12.651082992553711,12.561491966247559
0,0.421048641204834,0.0,0.0,0.0015726416604593396,4,0,0.0,0.0,29.626220703125,14.817717552185059,14.819150924682617,14.864156723022461,14.849830627441406,12.360733985900879,12.369695663452148,12.650976181030273,12.56143856048584
0,0.4431607723236084,0.0,0.0,0.0005777335027232766,4,1,0.0,0.0,29.626220703125,14.817715644836426,14.819148063659668,14.864141464233398,14.849822998046875,12.36072063446045,12.369675636291504,12.650882720947266,12.561391830444336
0,0.463085412979126,0.0,0.0,0.0019354980904608965,4,1,0.0,0.0,29.626220703125,14.817712783813477,14.819145202636719,14.864126205444336,14.849815368652344,12.36070728302002,12.36965560913086,12.650789260864258,12.561345100402832
0,0.4844379425048828,0.0,0.0,0.0005393514293245971,4,0,0.0,0.0,29.626220703125,14.817710876464844,14.819141387939453,14.864110946655273,14.849807739257812,12.36069393157959,12.369635581970215,12.65069580078125,12.561298370361328
0,0.501945972442627,0.0,0.0,0.0006888025673106313,4,1,0.0,0.0,29.626220703125,14.817708969116211,14.81913948059082,14.86409854888916,14.849801063537598,12.360682487487793,12.36961841583252,12.650615692138672,12.561258316040039
0,0.5211255550384521,0.0,0.0,0.0029062225949019194,4,1,0.0,0.0,29.626220703125,14.817707061767578,14.819135665893555,14.864086151123047,14.849794387817383,12.360671043395996,12.369601249694824,12.650535583496094,12.56121826171875
0,0.5431091785430908,0.0,0.0,0.001718301442451775,4,0,0.0,0.0,29.626220703125,14.817705154418945,14.819132804870605,14.864070892333984,14.849787712097168,12.360657691955566,12.36958122253418,12.650442123413086,12.561171531677246
0,0.5620903968811035,0.0,0.0,0.0005064433789812028,4,0,0.0,0.0,29.626220703125,14.817703247070312,14.819129943847656,14.864055633544922,14.849780082702637,12.360644340515137,12.369561195373535,12.650348663330078,12.561124801635742
0,0.5794050693511963,0.0,0.0,0.0004069218412041664,4,0,0.0,0.0,29.626220703125,14.81770133972168,14.819127082824707,14.864043235778809,14.849773406982422,12.36063289642334,12.36954402923584,12.6502685546875,12.561084747314453
0,0.5970263481140137,0.0,0.0,0.001644099596887827,4,0,0.0,0.0,29.626220703125,14.817699432373047,14.819124221801758,14.864032745361328,14.849767684936523,12.360623359680176,12.369529724121094,12.650201797485352,12.561051368713379
0,0.6161491870880127,0.0,0.0,0.0019921250641345978,4,0,0.0,0.0,29.626220703125,14.817697525024414,14.819121360778809,14.864017486572266,14.849761009216309,12.360610008239746,12.36950969696045,12.650108337402344,12.561004638671875
0,0.6351487636566162,0.0,0.0,0.0005324739613570273,4,1,0.0,0.0,29.626220703125,14.817695617675781,14.81911849975586,14.864004135131836,14.849754333496094,12.36059856414795,12.369492530822754,12.650028228759766,12.560964584350586
0,0.6524076461791992,0.0,0.0,0.0016207130393013358,4,0,0.0,0.0,29.626220703125,14.817693710327148,14.819116592407227,14.863991737365723,14.849747657775879,12.360587120056152,12.369475364685059,12.649948120117188,12.560924530029297
0,0.6700005531311035,0.0,0.0,0.0017246513161808252,4,0,0.0,0.0,29.626220703125,14.817691802978516,14.819112777709961,14.86397933959961,14.849740982055664,12.360575675964355,12.369458198547363,12.64986801147461,12.560884475708008
0,0.6892831325531006,0.0,0.0,0.0015391885535791516,4,0,0.0,0.0,29.626220703125,14.817689895629883,14.819110870361328,14.86396598815918,14.849735260009766,12.360564231872559,12.369441032409668,12.649787902832031,12.560844421386719
0,0.7066938877105713,0.0,0.0,0.002096224809065461,4,1,0.0,0.0,29.626220703125,14.81768798828125,14.819108009338379,14.863953590393066,14.84972858428955,12.360552787780762,12.369423866271973,12.649707794189453,12.56080436706543
0,0.7249722480773926,0.0,0.0,0.0021217255853116512,4,0,0.0,0.0,29.626220703125,14.817686080932617,14.81910514831543,14.863940238952637,14.849721908569336,12.360541343688965,12.369406700134277,12.649627685546875,12.56076431274414
0,0.7466335296630859,0.0,0.0,0.001890165382064879,4,0,0.0,0.0,29.626220703125,14.817684173583984,14.819101333618164,14.86392593383789,14.849714279174805,12.360527992248535,12.369386672973633,12.649534225463867,12.560717582702637
0,0.7648999691009521,0.0,0.0,0.0026043273974210024,4,1,0.0,0.0,29.626220703125,14.817682266235352,14.819099426269531,14.863912582397461,14.849708557128906,12.360516548156738,12.369369506835938,12.649454116821289,12.560677528381348
0,0.7831215858459473,0.0,0.0,0.002382628619670868,4,0,0.0,0.0,29.626220703125,14.817680358886719,14.819095611572266,14.863897323608398,14.849700927734375,12.360503196716309,12.369349479675293,12.649360656738281,12.560630798339844
0,0.8008768558502197,0.0,0.0,0.0006990272086113691,4,0,0.0,0.0,29.626220703125,14.817678451538086,14.819093704223633,14.863884925842285,14.84969425201416,12.360491752624512,12.369332313537598,12.649280548095703,12.560590744018555
0,0.8242182731628418,0.0,0.0,0.000479039124911651,4,1,0.0,0.0,29.626220703125,14.817676544189453,14.819089889526367,14.863869667053223,14.849687576293945,12.360478401184082,12.369312286376953,12.649187088012695,12.56054401397705
0,0.8415236473083496,0.0,0.0,0.003325764089822769,4,0,0.0,0.0,29.626220703125,14.81767463684082,14.819087028503418,14.86385726928711,14.84968090057373,12.360466957092285,12.369295120239258,12.649106979370117,12.560503959655762
0,0.8588409423828125,0.0,0.0,0.001736186444759369,4,0,0.0,0.0,29.626220703125,14.817672729492188,14.819084167480469,14.86384391784668,14.849674224853516,12.360455513000488,12.369277954101562,12.649026870727539,12.560463905334473
0,0.8762021064758301,0.0,0.0,0.002029030816629529,4,1,0.0,0.0,29.626220703125,14.817670822143555,14.819082260131836,14.863831520080566,14.8496675491333,12.360444068908691,12.369260787963867,12.648946762084961,12.560423851013184
0,0.8954434394836426,0.0,0.0,0.0026574023067951202,4,1,0.0,0.0,29.626220703125,14.817668914794922,14.81907844543457,14.863819122314453,14.849660873413086,12.360432624816895,12.369243621826172,12.648866653442383,12.560383796691895
0,0.913367509841919,0.0,0.0,0.0008393307216465473,4,0,0.0,0.0,29.626220703125,14.817667007446289,14.819076538085938,14.863805770874023,14.849655151367188,12.360421180725098,12.369226455688477,12.648786544799805,12.560343742370605
0,0.9323441982269287,0.0,0.0,0.0012791192857548594,4,0,0.0,0.0,29.626220703125,14.817665100097656,14.819073677062988,14.86379337310791,14.849648475646973,12.3604097366333,12.369209289550781,12.648706436157227,12.560303688049316
0,0.9513492584228516,0.0,0.0,0.000285789166809991,4,1,0.0,0.0,29.626220703125,14.817663192749023,14.819070816040039,14.863778114318848,14.849640846252441,12.360396385192871,12.369189262390137,12.648612976074219,12.560256958007812
0,0.9688496589660645,0.0,0.0,0.0014753523282706738,4,1,0.0,0.0,29.626220703125,14.817662239074707,14.81906795501709,14.863767623901367,14.84963607788086,12.360386848449707,12.36917495727539,12.64854621887207,12.560223579406738
0,0.9863240718841553,0.0,0.0,0.0010902158683165908,4,0,0.0,0.0,29.626220703125,14.817660331726074,14.81906509399414,14.863754272460938,14.849629402160645,12.36037540435791,12.369157791137695,12.648466110229492,12.56018352508545
0,1.0044336318969727,0.0,0.0,0.0012150449911132455,4,0,0.0,0.0,29.626220703125,14.817658424377441,14.819062232971191,14.863741874694824,14.84962272644043,12.360363960266113,12.369140625,12.648386001586914,12.56014347076416
0,1.0216827392578125,0.0,0.0,0.0023824796080589294,4,1,0.0,0.0,29.626220703125,14.817656517028809,14.819059371948242,14.863729476928711,14.849617004394531,12.360352516174316,12.369123458862305,12.648305892944336,12.560103416442871
0,1.0390839576721191,0.0,0.0,0.0011771372519433498,4,0,0.0,0.0,29.626220703125,14.817654609680176,14.81905746459961,14.863716125488281,14.849610328674316,12.36034107208252,12.36910629272461,12.648225784301758,12.560063362121582
0,1.0585389137268066,0.0,0.0,0.0009640113567002118,4,0,0.0,0.0,29.626220703125,14.817652702331543,14.81905460357666,14.863702774047852,14.849603652954102,12.360329627990723,12.369089126586914,12.64814567565918,12.560023307800293
0,1.0760369300842285,0.0,0.0,0.00020006307750009,4,1,0.0,0.0,29.626220703125,14.81765079498291,14.819051742553711,14.863690376281738,14.849597930908203,12.360318183898926,12.369071960449219,12.648065567016602,12.559983253479004
0,1.095963716506958,0.0,0.0,0.00216722977347672,4,1,0.0,0.0,29.626220703125,14.817648887634277,14.819047927856445,14.863676071166992,14.849590301513672,12.360304832458496,12.369051933288574,12.647972106933594,12.559935569763184
0,1.1134374141693115,0.0,0.0,0.002955840900540352,4,0,0.0,0.0,29.626220703125,14.817646980285645,14.819046020507812,14.863662719726562,14.84958267211914,12.3602933883667,12.369034767150879,12.647891998291016,12.559889793395996
0,1.1319653987884521,0.0,0.0,0.001139983767643571,4,0,0.0,0.0,29.626220703125,14.817645072937012,14.819043159484863,14.863649368286133,14.84957504272461,12.360281944274902,12.369017601013184,12.647811889648438,12.559844017028809
0,1.154888391494751,0.0,0.0,0.0016448094975203276,4,1,0.0,0.0,29.626220703125,14.817643165588379,14.819039344787598,14.863635063171387,14.849566459655762,12.360268592834473,12.368997573852539,12.64771842956543,12.55979061126709
0,1.1728646755218506,0.0,0.0,0.002767477883026004,4,1,0.0,0.0,29.626220703125,14.81764030456543,14.819036483764648,14.863619804382324,14.849557876586914,12.360255241394043,12.368977546691895,12.647624969482422,12.559737205505371
0,1.1918277740478516,0.0,0.0,0.0010177715448662639,4,0,0.0,0.0,29.626220703125,14.817639350891113,14.8190336227417,14.863607406616211,14.849550247192383,12.360243797302246,12.3689603805542,12.647544860839844,12.559691429138184
0,1.2093231678009033,0.0,0.0,0.0005762093351222575,4,0,0.0,0.0,29.626220703125,14.81763744354248,14.81903076171875,14.863594055175781,14.849543571472168,12.36023235321045,12.368943214416504,12.647464752197266,12.559645652770996
0,1.2269725799560547,0.0,0.0,0.003026634221896529,4,1,0.0,0.0,29.626220703125,14.817635536193848,14.819028854370117,14.8635835647583,14.849536895751953,12.360222816467285,12.368927955627441,12.647397994995117,12.559602737426758
0,1.244497537612915,0.0,0.0,0.003020024625584483,4,0,0.0,0.0,29.626220703125,14.817633628845215,14.819025993347168,14.863571166992188,14.849528312683105,12.360211372375488,12.368910789489746,12.647317886352539,12.559551239013672
0,1.2622275352478027,0.0,0.0,0.0003271415480412543,4,0,0.0,0.0,29.626220703125,14.817631721496582,14.819023132324219,14.863557815551758,14.849519729614258,12.360199928283691,12.36889362335205,12.647237777709961,12.559499740600586
0,1.279827356338501,0.0,0.0,0.0015800695400685072,4,0,0.0,0.0,29.626220703125,14.817630767822266,14.81902027130127,14.863545417785645,14.849512100219727,12.360188484191895,12.368876457214355,12.647157669067383,12.5594482421875
0,1.2973127365112305,0.0,0.0,0.0008572019869461656,4,0,0.0,0.0,29.626220703125,14.817628860473633,14.81901741027832,14.863533020019531,14.849503517150879,12.360177040100098,12.36885929107666,12.647077560424805,12.559396743774414
0,1.3164215087890625,0.0,0.0,0.0014729459071531892,4,0,0.0,0.0,29.626220703125,14.817626953125,14.819014549255371,14.863519668579102,14.849494934082031,12.3601655960083,12.368842124938965,12.646997451782227,12.559345245361328
0,1.3342278003692627,0.0,0.0,0.002447759034112096,4,1,0.0,0.0,29.626220703125,14.817625045776367,14.819011688232422,14.863506317138672,14.8494873046875,12.360154151916504,12.36882495880127,12.646917343139648,12.559293746948242
0,1.3513484001159668,0.0,0.0,0.0010524510871618986,4,0,0.0,0.0,29.626220703125,14.817623138427734,14.819009780883789,14.863493919372559,14.849478721618652,12.360142707824707,12.368807792663574,12.64683723449707,12.559242248535156
0,1.3709330558776855,0.0,0.0,0.0018192775314673781,4,0,0.0,0.0,29.626220703125,14.817621231079102,14.819005966186523,14.863479614257812,14.849469184875488,12.360129356384277,12.36878776550293,12.646743774414062,12.559183120727539
0,1.389538288116455,0.0,0.0,0.002374296775087714,4,0,0.0,0.0,29.626220703125,14.817619323730469,14.819003105163574,14.863466262817383,14.849462509155273,12.36011791229248,12.368770599365234,12.646663665771484,12.559137344360352
0,1.4107999801635742,0.0,0.0,0.001817653770558536,4,1,0.0,0.0,29.626220703125,14.81761646270752,14.819000244140625,14.86345100402832,14.84945297241211,12.36010456085205,12.36875057220459,12.646570205688477,12.559083938598633
0,1.429366111755371,0.0,0.0,0.0025620642118155956,4,0,0.0,0.0,29.626220703125,14.817615509033203,14.818997383117676,14.863438606262207,14.849446296691895,12.360093116760254,12.368733406066895,12.646490097045898,12.559038162231445
0,1.4470829963684082,0.0,0.0,0.004482158459722996,4,0,0.0,0.0,29.626220703125,14.81761360168457,14.818994522094727,14.863426208496094,14.849438667297363,12.360081672668457,12.3687162399292,12.64640998840332,12.558992385864258
0,1.466456413269043,0.0,0.0,0.0024146069772541523,4,1,0.0,0.0,29.626220703125,14.817611694335938,14.818991661071777,14.863412857055664,14.849431037902832,12.36007022857666,12.368699073791504,12.646329879760742,12.558945655822754
0,1.4845056533813477,0.0,0.0,0.001514603616669774,4,1,0.0,0.0,29.626220703125,14.817609786987305,14.818988800048828,14.863399505615234,14.8494234085083,12.360058784484863,12.368681907653809,12.646249771118164,12.558894157409668
0,1.50311279296875,0.0,0.0,0.0024227190297096968,4,0,0.0,0.0,29.626220703125,14.817607879638672,14.818985939025879,14.863385200500488,14.84941291809082,12.360045433044434,12.368661880493164,12.646156311035156,12.558834075927734
0,1.5264558792114258,0.0,0.0,0.0003266716084908694,4,0,0.0,0.0,29.626220703125,14.817605018615723,14.81898307800293,14.863369941711426,14.849403381347656,12.360032081604004,12.36864185333252,12.646062850952148,12.5587739944458
0,1.5444273948669434,0.0,0.0,0.001888670725747943,4,1,0.0,0.0,29.626220703125,14.81760311126709,14.81898021697998,14.863357543945312,14.849395751953125,12.360020637512207,12.368624687194824,12.64598274230957,12.558722496032715
0,1.5620684623718262,0.0,0.0,0.002267079660668969,4,0,0.0,0.0,29.626220703125,14.817601203918457,14.818977355957031,14.863344192504883,14.849387168884277,12.36000919342041,12.368607521057129,12.645902633666992,12.558670997619629
0,1.579556941986084,0.0,0.0,0.0037017795257270336,4,0,0.0,0.0,29.626220703125,14.81760025024414,14.818974494934082,14.86333179473877,14.84937858581543,12.359997749328613,12.36859130859375,12.645822525024414,12.558619499206543
0,1.5978622436523438,0.0,0.0,0.0008052263292483985,4,1,0.0,0.0,29.626220703125,14.817598342895508,14.818971633911133,14.863319396972656,14.849370956420898,12.359986305236816,12.368574142456055,12.645742416381836,12.558568000793457
0,1.6173820495605469,0.0,0.0,0.0030519140418618917,4,1,0.0,0.0,29.626220703125,14.817595481872559,14.818968772888184,14.863304138183594,14.849361419677734,12.359972953796387,12.368553161621094,12.645648956298828,12.558507919311523
0,1.6372325420379639,0.0,0.0,0.003230244852602482,4,0,0.0,0.0,29.626220703125,14.817593574523926,14.818965911865234,14.863290786743164,14.849352836608887,12.35996150970459,12.368535995483398,12.64556884765625,12.558456420898438
0,1.659379243850708,0.0,0.0,0.0007200977415777743,4,0,0.0,0.0,29.626220703125,14.817591667175293,14.818962097167969,14.863273620605469,14.849342346191406,12.359946250915527,12.368514060974121,12.645462036132812,12.558387756347656
0,1.6798326969146729,0.0,0.0,0.001301637152209878,4,1,0.0,0.0,29.626220703125,14.817588806152344,14.81895923614502,14.863259315490723,14.849332809448242,12.359932899475098,12.368494033813477,12.645368576049805,12.558327674865723
0,1.6978240013122559,0.0,0.0,0.0026429379358887672,4,0,0.0,0.0,29.626220703125,14.817587852478027,14.81895637512207,14.863248825073242,14.849325180053711,12.359923362731934,12.36847972869873,12.645301818847656,12.558284759521484
0,1.7188234329223633,0.0,0.0,0.0015016165561974049,4,0,0.0,0.0,29.626220703125,14.817585945129395,14.818953514099121,14.86323356628418,14.849315643310547,12.359910011291504,12.368459701538086,12.645208358764648,12.55822467803955
0,1.7376554012298584,0.0,0.0,0.002755015855655074,4,0,0.0,0.0,29.626220703125,14.817583084106445,14.818950653076172,14.863218307495117,14.849306106567383,12.359896659851074,12.368439674377441,12.64511489868164,12.558164596557617
0,1.755439281463623,0.0,0.0,0.0028708316385746002,4,0,0.0,0.0,29.626220703125,14.817581176757812,14.818947792053223,14.863205909729004,14.849298477172852,12.359885215759277,12.368422508239746,12.645034790039062,12.558113098144531
0,1.7727959156036377,0.0,0.0,0.002042325446382165,4,0,0.0,0.0,29.626220703125,14.817580223083496,14.818944931030273,14.863195419311523,14.84929084777832,12.359875679016113,12.368408203125,12.644968032836914,12.558070182800293
0,1.7954161167144775,0.0,0.0,0.0024806258734315634,4,0,0.0,0.0,29.626220703125,14.817577362060547,14.818941116333008,14.863178253173828,14.84928035736084,12.35986042022705,12.368385314941406,12.644861221313477,12.558001518249512
0,1.8131036758422852,0.0,0.0,0.002389332978054881,4,1,0.0,0.0,29.626220703125,14.817575454711914,14.818939208984375,14.863164901733398,14.849271774291992,12.359848976135254,12.368368148803711,12.644781112670898,12.557950019836426
0,1.8314845561981201,0.0,0.0,0.0007561355014331639,4,0,0.0,0.0,29.626220703125,14.817573547363281,14.818936347961426,14.863152503967285,14.849264144897461,12.359837532043457,12.368350982666016,12.64470100402832,12.55789852142334
0,1.8493452072143555,0.0,0.0,0.002747379243373871,4,0,0.0,0.0,29.626220703125,14.817571640014648,14.818933486938477,14.863139152526855,14.849255561828613,12.35982608795166,12.36833381652832,12.644620895385742,12.557847023010254
0,1.8682525157928467,0.0,0.0,0.0034722855780273676,4,1,0.0,0.0,29.626220703125,14.817570686340332,14.818930625915527,14.863126754760742,14.849246978759766,12.359814643859863,12.368316650390625,12.64454460144043,12.557795524597168
0,1.8861138820648193,0.0,0.0,0.0042699771001935005,4,0,0.0,0.0,29.626220703125,14.8175687789917,14.818927764892578,14.863115310668945,14.849239349365234,12.359803199768066,12.36829948425293,12.64447021484375,12.557744026184082
0,1.9066834449768066,0.0,0.0,0.000988197629339993,4,0,0.0,0.0,29.626220703125,14.81756591796875,14.818924903869629,14.863101959228516,14.84922981262207,12.359789848327637,12.368279457092285,12.644383430480957,12.557683944702148
0,1.925018548965454,0.0,0.0,0.0012026462936773896,4,1,0.0,0.0,29.626220703125,14.817564010620117,14.81892204284668,14.863089561462402,14.849221229553223,12.35977840423584,12.36826229095459,12.644309043884277,12.557632446289062
0,1.9450387954711914,0.0,0.0,0.0020554380025714636,4,0,0.0,0.0,29.626220703125,14.817562103271484,14.818918228149414,14.863075256347656,14.849211692810059,12.35976505279541,12.368242263793945,12.644222259521484,12.557572364807129
0,1.963125467300415,0.0,0.0,0.0007121734088286757,4,0,0.0,0.0,29.626220703125,14.817560195922852,14.818916320800781,14.86306381225586,14.849203109741211,12.359753608703613,12.36822509765625,12.644147872924805,12.557520866394043
0,1.9822957515716553,0.0,0.0,0.0018029408529400826,4,0,0.0,0.0,29.626220703125,14.817558288574219,14.818913459777832,14.863052368164062,14.84919548034668,12.359742164611816,12.368207931518555,12.644073486328125,12.557469367980957
0,2.0000860691070557,0.0,0.0,0.0018618062604218721,4,0,0.0,0.0,29.626220703125,14.817556381225586,14.818910598754883,14.86303997039795,14.849186897277832,12.35973072052002,12.36819076538086,12.643999099731445,12.557417869567871
0,2.0175037384033203,0.0,0.0,0.0008962639840319753,4,0,0.0,0.0,29.626220703125,14.81755542755127,14.818907737731934,14.863027572631836,14.849178314208984,12.359719276428223,12.368173599243164,12.643924713134766,12.557366371154785
0,2.035097360610962,0.0,0.0,0.0021714894101023674,4,1,0.0,0.0,29.626220703125,14.817553520202637,14.818904876708984,14.863016128540039,14.849170684814453,12.359707832336426,12.368156433105469,12.643850326538086,12.5573148727417
0,2.055084466934204,0.0,0.0,0.0020847516134381294,4,1,0.0,0.0,29.626220703125,14.817550659179688,14.818902015686035,14.86300277709961,14.849161148071289,12.359694480895996,12.368136405944824,12.643763542175293,12.557254791259766
0,2.0723822116851807,0.0,0.0,0.0030357532668858767,4,0,0.0,0.0,29.626220703125,14.817549705505371,14.818899154663086,14.862992286682129,14.849153518676758,12.359684944152832,12.368122100830078,12.643701553344727,12.557211875915527
0,2.0897579193115234,0.0,0.0,0.0014411592856049538,4,0,0.0,0.0,29.626220703125,14.817547798156738,14.818897247314453,14.862979888916016,14.849145889282227,12.359673500061035,12.368104934692383,12.643627166748047,12.557160377502441
0,2.110342025756836,0.0,0.0,0.0013928789412602782,4,2,0.0,0.0,29.626220703125,14.817545890808105,14.818893432617188,14.862966537475586,14.849138259887695,12.359660148620605,12.368084907531738,12.643540382385254,12.557111740112305
0,2.128159284591675,0.0,0.0,0.003248230554163456,4,0,0.0,0.0,29.626220703125,14.817543983459473,14.818890571594238,14.862955093383789,14.84913158416748,12.359648704528809,12.368067741394043,12.643465995788574,12.557071685791016
0,2.1456549167633057,0.0,0.0,0.005340781528502703,4,0,0.0,0.0,29.626220703125,14.81754207611084,14.818887710571289,14.862942695617676,14.849124908447266,12.359637260437012,12.368050575256348,12.643391609191895,12.557031631469727
0,2.163081645965576,0.0,0.0,0.0028412274550646544,4,1,0.0,0.0,29.626220703125,14.817540168762207,14.818885803222656,14.862932205200195,14.849119186401367,12.359627723693848,12.368036270141602,12.643329620361328,12.556998252868652
0,2.1804893016815186,0.0,0.0,0.0036258625332266092,4,1,0.0,0.0,29.626220703125,14.81753921508789,14.818882942199707,14.862920761108398,14.849113464355469,12.35961627960205,12.368019104003906,12.643255233764648,12.556958198547363
0,2.203015089035034,0.0,0.0,0.004102741833776236,4,0,0.0,0.0,29.626220703125,14.817536354064941,14.818879127502441,14.862905502319336,14.849104881286621,12.359601020812988,12.367996215820312,12.643156051635742,12.556904792785645
0,2.2206547260284424,0.0,0.0,0.0013263049768283963,4,0,0.0,0.0,29.626220703125,14.817534446716309,14.818876266479492,14.862893104553223,14.849098205566406,12.359589576721191,12.367979049682617,12.643081665039062,12.556864738464355
0,2.237898588180542,0.0,0.0,0.002891925163567066,4,1,0.0,0.0,29.626220703125,14.817532539367676,14.81887435913086,14.862882614135742,14.849092483520508,12.359580039978027,12.367964744567871,12.643019676208496,12.556831359863281
0,2.2559800148010254,0.0,0.0,0.003408151911571622,4,0,0.0,0.0,29.626220703125,14.81753158569336,14.81887149810791,14.862871170043945,14.84908676147461,12.35956859588623,12.367947578430176,12.642945289611816,12.556791305541992
0,2.2733805179595947,0.0,0.0,0.0028575321193784475,4,0,0.0,0.0,29.626220703125,14.817529678344727,14.818868637084961,14.862859725952148,14.849080085754395,12.359557151794434,12.36793041229248,12.642870903015137,12.556751251220703
0,2.2912967205047607,0.0,0.0,0.0013799264561384916,4,0,0.0,0.0,29.626220703125,14.817527770996094,14.818866729736328,14.862847328186035,14.84907341003418,12.359545707702637,12.367913246154785,12.642796516418457,12.556711196899414
0,2.310213565826416,0.0,0.0,0.0032580422703176737,4,0,0.0,0.0,29.626220703125,14.817524909973145,14.818862915039062,14.862833023071289,14.849065780639648,12.359532356262207,12.36789321899414,12.642709732055664,12.55666446685791
0,2.3277313709259033,0.0,0.0,0.0031765103340148926,4,0,0.0,0.0,29.626220703125,14.817523956298828,14.81886100769043,14.862823486328125,14.849061012268066,12.359522819519043,12.367878913879395,12.642647743225098,12.556631088256836
0,2.3449010848999023,0.0,0.0,0.0029895517509430647,4,1,0.0,0.0,29.626220703125,14.817522048950195,14.81885814666748,14.862812042236328,14.849054336547852,12.359511375427246,12.3678617477417,12.642573356628418,12.556591033935547
0,2.3624041080474854,0.0,0.0,0.002610506722703576,4,0,0.0,0.0,29.626220703125,14.817520141601562,14.818855285644531,14.862799644470215,14.849048614501953,12.35949993133545,12.367844581604004,12.642498970031738,12.556550979614258
0,2.3807737827301025,0.0,0.0,0.0017089622560888529,4,0,0.0,0.0,29.626220703125,14.81751823425293,14.818852424621582,14.862788200378418,14.849041938781738,12.359488487243652,12.367827415466309,12.642424583435059,12.556510925292969
0,2.399930238723755,0.0,0.0,0.0010183668928220868,4,0,0.0,0.0,29.626220703125,14.817516326904297,14.818849563598633,14.862773895263672,14.849034309387207,12.359475135803223,12.367807388305664,12.642337799072266,12.556464195251465
0,2.4179272651672363,0.0,0.0,0.0026704054325819016,4,0,0.0,0.0,29.626220703125,14.817514419555664,14.818846702575684,14.862764358520508,14.849029541015625,12.359465599060059,12.367793083190918,12.6422758102417,12.55643081665039
0,2.4353504180908203,0.0,0.0,0.0014533951180055737,4,0,0.0,0.0,29.626220703125,14.817512512207031,14.818843841552734,14.862751960754395,14.84902286529541,12.359454154968262,12.367775917053223,12.64220142364502,12.556390762329102
0,2.4532833099365234,0.0,0.0,0.000986805185675621,4,0,0.0,0.0,29.626220703125,14.817510604858398,14.818841934204102,14.862740516662598,14.849016189575195,12.359442710876465,12.367758750915527,12.64212703704834,12.556350708007812
0,2.4708356857299805,0.0,0.0,0.00040636450285091996,4,1,0.0,0.0,29.626220703125,14.817508697509766,14.818838119506836,14.862728118896484,14.84900951385498,12.359431266784668,12.367741584777832,12.64205265045166,12.556310653686523
0,2.4898157119750977,0.0,0.0,0.002611013362184167,4,0,0.0,0.0,29.626220703125,14.817506790161133,14.818835258483887,14.862714767456055,14.849002838134766,12.359417915344238,12.367721557617188,12.641965866088867,12.55626392364502
0,2.5092556476593018,0.0,0.0,0.0031734202057123184,4,0,0.0,0.0,29.626220703125,14.8175048828125,14.818832397460938,14.862702369689941,14.84899616241455,12.359406471252441,12.367704391479492,12.641891479492188,12.55622386932373
0,2.5269575119018555,0.0,0.0,0.0010483129881322384,4,0,0.0,0.0,29.626220703125,14.817502975463867,14.818830490112305,14.862690925598145,14.848989486694336,12.359395027160645,12.367687225341797,12.641817092895508,12.556183815002441
0,2.5449118614196777,0.0,0.0,0.0021403031423687935,4,0,0.0,0.0,29.626220703125,14.817501068115234,14.818826675415039,14.862678527832031,14.848982810974121,12.359383583068848,12.367670059204102,12.641742706298828,12.556143760681152
0,2.5634677410125732,0.0,0.0,0.002247052965685725,4,0,0.0,0.0,29.626220703125,14.817499160766602,14.818824768066406,14.862667083740234,14.848976135253906,12.35937213897705,12.367652893066406,12.641668319702148,12.556103706359863
0,2.5822556018829346,0.0,0.0,0.0017270216485485435,4,0,0.0,0.0,29.626220703125,14.817497253417969,14.818821907043457,14.862655639648438,14.848970413208008,12.359360694885254,12.367635726928711,12.641593933105469,12.556063652038574
0,2.6014442443847656,0.0,0.0,0.00039259158074855804,4,1,0.0,0.0,29.626220703125,14.817495346069336,14.818819046020508,14.862641334533691,14.848962783813477,12.359347343444824,12.367615699768066,12.641507148742676,12.55601692199707
0,2.618598461151123,0.0,0.0,0.00020845161634497344,4,0,0.0,0.0,29.626220703125,14.81749439239502,14.818816184997559,14.862630844116211,14.848957061767578,12.35933780670166,12.36760139465332,12.64144515991211,12.555983543395996
0,2.636139154434204,0.0,0.0,0.0013135350309312344,4,0,0.0,0.0,29.626220703125,14.817492485046387,14.81881332397461,14.862619400024414,14.84895133972168,12.359326362609863,12.367584228515625,12.64137077331543,12.555943489074707
0,2.6542105674743652,0.0,0.0,0.0005530829075723886,4,1,0.0,0.0,29.626220703125,14.817490577697754,14.81881046295166,14.862607955932617,14.848944664001465,12.359314918518066,12.36756706237793,12.64129638671875,12.555903434753418
0,2.6715569496154785,0.0,0.0,0.0011521951528266072,4,0,0.0,0.0,29.626220703125,14.817488670349121,14.818807601928711,14.862595558166504,14.84893798828125,12.35930347442627,12.367549896240234,12.64122200012207,12.555863380432129
0,2.6890227794647217,0.0,0.0,0.0019481537165120244,4,1,0.0,0.0,29.626220703125,14.817486763000488,14.818805694580078,14.86258316040039,14.848932266235352,12.359292030334473,12.367532730102539,12.64114761352539,12.55582332611084
0,2.7062606811523438,0.0,0.0,0.0023181086871773005,4,0,0.0,0.0,29.626220703125,14.817484855651855,14.818802833557129,14.862571716308594,14.848925590515137,12.359280586242676,12.367515563964844,12.641073226928711,12.55578327178955
0,2.724036693572998,0.0,0.0,0.0026209147181361914,4,0,0.0,0.0,29.626220703125,14.817482948303223,14.81879997253418,14.862560272216797,14.848918914794922,12.359269142150879,12.367498397827148,12.640998840332031,12.555743217468262
0,2.7416763305664062,0.0,0.0,0.0027539506554603577,4,1,0.0,0.0,29.626220703125,14.817481994628906,14.818798065185547,14.862549781799316,14.848913192749023,12.359259605407715,12.367484092712402,12.640936851501465,12.555709838867188
0,2.762578248977661,0.0,0.0,0.0017728200182318687,4,1,0.0,0.0,29.626220703125,14.817479133605957,14.818794250488281,14.86253547668457,14.848905563354492,12.359246253967285,12.367464065551758,12.640850067138672,12.555663108825684
0,2.7810912132263184,0.0,0.0,0.001019310555420816,4,0,0.0,0.0,29.626220703125,14.817477226257324,14.818791389465332,14.86252212524414,14.848898887634277,12.359232902526855,12.367444038391113,12.640763282775879,12.55561637878418
0,2.7990593910217285,0.0,0.0,0.0032838801853358746,4,0,0.0,0.0,29.626220703125,14.817475318908691,14.818788528442383,14.862510681152344,14.848892211914062,12.359221458435059,12.367426872253418,12.6406888961792,12.55557632446289
0,2.818542003631592,0.0,0.0,0.0005323243676684797,4,1,0.0,0.0,29.626220703125,14.817473411560059,14.818785667419434,14.86249828338623,14.848885536193848,12.359210014343262,12.367409706115723,12.64061450958252,12.555536270141602
0,2.8359897136688232,0.0,0.0,0.0028816061094403267,4,0,0.0,0.0,29.626220703125,14.817471504211426,14.818782806396484,14.862485885620117,14.848878860473633,12.359198570251465,12.367392539978027,12.64054012298584,12.555496215820312
0,2.8541133403778076,0.0,0.0,0.0014922285918146372,4,0,0.0,0.0,29.626220703125,14.81747055053711,14.818779945373535,14.86247444152832,14.848873138427734,12.359187126159668,12.367375373840332,12.64046573638916,12.555456161499023
0,2.877577781677246,0.0,0.0,0.002331710187718272,4,1,0.0,0.0,29.626220703125,14.81746768951416,14.81877613067627,14.862459182739258,14.848864555358887,12.359171867370605,12.367352485656738,12.640366554260254,12.555402755737305
0,2.894761562347412,0.0,0.0,0.00236479751765728,4,1,0.0,0.0,29.626220703125,14.817465782165527,14.818774223327637,14.862448692321777,14.848858833312988,12.359162330627441,12.367338180541992,12.640304565429688,12.55536937713623
0,2.912254810333252,0.0,0.0,0.0008510588086210191,4,0,0.0,0.0,29.626220703125,14.817463874816895,14.818771362304688,14.862436294555664,14.848852157592773,12.359150886535645,12.367321014404297,12.640230178833008,12.555329322814941
0,2.9307055473327637,0.0,0.0,0.0016120304353535175,4,0,0.0,0.0,29.626220703125,14.817462921142578,14.818768501281738,14.862424850463867,14.848846435546875,12.359139442443848,12.367303848266602,12.640155792236328,12.555289268493652
0,2.9511349201202393,0.0,0.0,0.0003798913676291704,4,1,0.0,0.0,29.626220703125,14.817460060119629,14.818765640258789,14.862411499023438,14.848838806152344,12.359126091003418,12.367283821105957,12.640069007873535,12.555242538452148
0,2.968989849090576,0.0,0.0,0.0017202976159751415,4,0,0.0,0.0,29.626220703125,14.817458152770996,14.81876277923584,14.862399101257324,14.848832130432129,12.359114646911621,12.367266654968262,12.639994621276855,12.55520248413086
0,2.9866936206817627,0.0,0.0,0.001733461394906044,4,0,0.0,0.0,29.626220703125,14.817456245422363,14.81875991821289,14.862386703491211,14.848825454711914,12.359103202819824,12.367249488830566,12.639920234680176,12.55516242980957
0,3.004218578338623,0.0,0.0,0.0003134675498586148,4,1,0.0,0.0,29.626220703125,14.817455291748047,14.818757057189941,14.862375259399414,14.848819732666016,12.359091758728027,12.367232322692871,12.639845848083496,12.555122375488281
0,3.0221993923187256,0.0,0.0,0.0024760609958320856,4,1,0.0,0.0,29.626220703125,14.817453384399414,14.818754196166992,14.862363815307617,14.8488130569458,12.35908031463623,12.367215156555176,12.639771461486816,12.555082321166992
0,3.039799213409424,0.0,0.0,0.0018441035645082593,4,0,0.0,0.0,29.626220703125,14.817451477050781,14.81875228881836,14.862351417541504,14.848806381225586,12.359068870544434,12.36719799041748,12.639697074890137,12.555042266845703
0,3.057276725769043,0.0,0.0,0.0006946624489501119,4,0,0.0,0.0,29.626220703125,14.817449569702148,14.818748474121094,14.862339973449707,14.848800659179688,12.359057426452637,12.367180824279785,12.639622688293457,12.555002212524414
0,3.079512119293213,0.0,0.0,0.002116825897246599,4,1,0.0,0.0,29.626220703125,14.817447662353516,14.818745613098145,14.862325668334961,14.848793029785156,12.359044075012207,12.36716079711914,12.639535903930664,12.55495548248291
0,3.097778558731079,0.0,0.0,0.002815835177898407,4,0,0.0,0.0,29.626220703125,14.817445755004883,14.818742752075195,14.862314224243164,14.848786354064941,12.35903263092041,12.367143630981445,12.639461517333984,12.554915428161621
0,3.1181297302246094,0.0,0.0,0.002045531291514635,4,0,0.0,0.0,29.626220703125,14.817442893981934,14.818739891052246,14.862299919128418,14.84877872467041,12.35901927947998,12.3671236038208,12.639374732971191,12.554868698120117
0,3.136554479598999,0.0,0.0,0.0013003268977627158,4,1,0.0,0.0,29.626220703125,14.8174409866333,14.818737030029297,14.862287521362305,14.848772048950195,12.359007835388184,12.367106437683105,12.639300346374512,12.554828643798828
0,3.1555397510528564,0.0,0.0,0.0018174677388742566,4,0,0.0,0.0,29.626220703125,14.817440032958984,14.818734169006348,14.862276077270508,14.848766326904297,12.358996391296387,12.36708927154541,12.639225959777832,12.554788589477539
0,3.173264980316162,0.0,0.0,0.002127052517607808,4,0,0.0,0.0,29.626220703125,14.817438125610352,14.818731307983398,14.862264633178711,14.848759651184082,12.35898494720459,12.367072105407715,12.639151573181152,12.55474853515625
0,3.190732479095459,0.0,0.0,0.000869656156282872,4,1,0.0,0.0,29.626220703125,14.817436218261719,14.818729400634766,14.862252235412598,14.848752975463867,12.358973503112793,12.36705493927002,12.639077186584473,12.554708480834961
0,3.208778142929077,0.0,0.0,0.002097115386277437,4,0,0.0,0.0,29.626220703125,14.817434310913086,14.8187255859375,14.8622407913208,14.848747253417969,12.358962059020996,12.367037773132324,12.639002799987793,12.554668426513672
0,3.226719379425049,0.0,0.0,0.0017529153265058994,4,0,0.0,0.0,29.626220703125,14.817432403564453,14.818723678588867,14.862228393554688,14.848740577697754,12.3589506149292,12.367020606994629,12.638928413391113,12.554628372192383
0,3.246563673019409,0.0,0.0,0.0034765354357659817,4,1,0.0,0.0,29.626220703125,14.81743049621582,14.818719863891602,14.862215042114258,14.848732948303223,12.35893726348877,12.367000579833984,12.63884162902832,12.554581642150879
0,3.2642314434051514,0.0,0.0,0.004935453645884991,4,0,0.0,0.0,29.626220703125,14.817428588867188,14.818717956542969,14.862202644348145,14.848726272583008,12.358925819396973,12.366983413696289,12.63876724243164,12.55454158782959
0,3.282853603363037,0.0,0.0,0.0032712831161916256,4,0,0.0,0.0,29.626220703125,14.817426681518555,14.818714141845703,14.862191200256348,14.84872055053711,12.358914375305176,12.366966247558594,12.638692855834961,12.5545015335083
0,3.3006432056427,0.0,0.0,0.004151612054556608,4,0,0.0,0.0,29.626220703125,14.817424774169922,14.81871223449707,14.862178802490234,14.848713874816895,12.358902931213379,12.366949081420898,12.638618469238281,12.554461479187012
0,3.3190720081329346,0.0,0.0,0.002888191258534789,4,1,0.0,0.0,29.626220703125,14.817422866821289,14.818709373474121,14.862167358398438,14.84870719909668,12.358891487121582,12.366931915283203,12.638544082641602,12.554421424865723
0,3.337791681289673,0.0,0.0,0.004068397451192141,4,0,0.0,0.0,29.626220703125,14.817420959472656,14.818706512451172,14.862154960632324,14.848701477050781,12.358880043029785,12.366914749145508,12.638469696044922,12.554381370544434
0,3.356255054473877,0.0,0.0,0.003978484310209751,4,0,0.0,0.0,29.626220703125,14.817419052124023,14.818703651428223,14.862143516540527,14.848694801330566,12.358868598937988,12.366897583007812,12.638395309448242,12.554341316223145
0,3.376962423324585,0.0,0.0,0.0028205139096826315,4,1,0.0,0.0,29.626220703125,14.81741714477539,14.818700790405273,14.862129211425781,14.848687171936035,12.358855247497559,12.366877555847168,12.63830852508545,12.55429458618164
0,3.3944196701049805,0.0,0.0,0.001695560640655458,4,0,0.0,0.0,29.626220703125,14.817415237426758,14.818697929382324,14.862117767333984,14.84868049621582,12.358843803405762,12.366860389709473,12.63823413848877,12.554254531860352
0,3.4123926162719727,0.0,0.0,0.0030796132050454617,4,0,0.0,0.0,29.626220703125,14.817413330078125,14.818695068359375,14.862105369567871,14.848674774169922,12.358832359313965,12.366843223571777,12.63815975189209,12.554214477539062
0,3.431220531463623,0.0,0.0,0.00164794793818146,4,1,0.0,0.0,29.626220703125,14.817411422729492,14.818692207336426,14.862093925476074,14.848668098449707,12.358820915222168,12.366826057434082,12.63808536529541,12.554174423217773
0,3.451664447784424,0.0,0.0,0.0018303649267181754,4,0,0.0,0.0,29.626220703125,14.81740951538086,14.818689346313477,14.862079620361328,14.848660469055176,12.358807563781738,12.366806030273438,12.637998580932617,12.55412769317627
0,3.4727306365966797,0.0,0.0,0.0017454746412113309,4,0,0.0,0.0,29.626220703125,14.817407608032227,14.818685531616211,14.862066268920898,14.848652839660645,12.358794212341309,12.366786003112793,12.637911796569824,12.554080963134766
0,3.493143081665039,0.0,0.0,0.0032515106722712517,4,0,0.0,0.0,29.626220703125,14.817404747009277,14.818682670593262,14.862051963806152,14.848645210266113,12.358780860900879,12.366765975952148,12.637825012207031,12.554034233093262
0,3.5123159885406494,0.0,0.0,0.0024923235177993774,4,1,0.0,0.0,29.626220703125,14.817402839660645,14.818679809570312,14.862039566040039,14.848638534545898,12.358769416809082,12.366748809814453,12.637750625610352,12.553994178771973
0,3.532069206237793,0.0,0.0,0.003486617933958769,4,0,0.0,0.0,29.626220703125,14.817400932312012,14.818676948547363,14.86202621459961,14.848631858825684,12.358756065368652,12.366728782653809,12.637663841247559,12.553947448730469
0,3.549598455429077,0.0,0.0,0.002988426946103573,4,0,0.0,0.0,29.626220703125,14.817399024963379,14.818674087524414,14.862014770507812,14.848625183105469,12.358744621276855,12.366711616516113,12.637589454650879,12.55390739440918
0,3.5679192543029785,0.0,0.0,0.003350791521370411,4,0,0.0,0.0,29.626220703125,14.817397117614746,14.818671226501465,14.8620023727417,14.848618507385254,12.358733177185059,12.366694450378418,12.6375150680542,12.55386734008789
0,3.588238477706909,0.0,0.0,0.0035724604967981577,4,1,0.0,0.0,29.626220703125,14.817395210266113,14.818668365478516,14.861988067626953,14.848611831665039,12.358719825744629,12.366674423217773,12.637428283691406,12.553820610046387
0,3.610748529434204,0.0,0.0,0.003257517935708165,4,0,0.0,0.0,29.626220703125,14.81739330291748,14.81866455078125,14.861974716186523,14.848604202270508,12.3587064743042,12.366654396057129,12.637341499328613,12.553773880004883
0,3.6301651000976562,0.0,0.0,0.0033507973421365023,4,0,0.0,0.0,29.626220703125,14.817390441894531,14.8186616897583,14.861961364746094,14.848596572875977,12.35869312286377,12.366634368896484,12.63725471496582,12.553727149963379
0,3.647454023361206,0.0,0.0,0.0045005097053945065,4,1,0.0,0.0,29.626220703125,14.817389488220215,14.818658828735352,14.861950874328613,14.848590850830078,12.358683586120605,12.366620063781738,12.637192726135254,12.553693771362305
0,3.6648828983306885,0.0,0.0,0.0030584048945456743,4,0,0.0,0.0,29.626220703125,14.817387580871582,14.818656921386719,14.8619384765625,14.84858512878418,12.358672142028809,12.366602897644043,12.637118339538574,12.553653717041016
0,3.6822850704193115,0.0,0.0,0.004418533761054277,4,0,0.0,0.0,29.626220703125,14.81738567352295,14.81865406036377,14.861927032470703,14.848577499389648,12.358660697937012,12.366585731506348,12.637043952941895,12.553609848022461
0,3.703187942504883,0.0,0.0,0.004279786255210638,4,1,0.0,0.0,29.626220703125,14.817383766174316,14.818650245666504,14.861913681030273,14.8485689163208,12.358647346496582,12.366565704345703,12.636957168579102,12.553556442260742
0,3.724637031555176,0.0,0.0,0.004708975087851286,4,0,0.0,0.0,29.626220703125,14.817380905151367,14.818647384643555,14.861899375915527,14.848560333251953,12.358633995056152,12.366545677185059,12.636870384216309,12.553503036499023
0,3.742015838623047,0.0,0.0,0.00454045319929719,4,0,0.0,0.0,29.626220703125,14.81737995147705,14.818644523620605,14.861886978149414,14.848552703857422,12.358622550964355,12.366528511047363,12.636795997619629,12.553457260131836
0,3.7594432830810547,0.0,0.0,0.0022505519445985556,4,0,0.0,0.0,29.626220703125,14.817378044128418,14.818641662597656,14.861875534057617,14.848546028137207,12.358611106872559,12.366511344909668,12.63672161102295,12.553411483764648
0,3.7793564796447754,0.0,0.0,0.005454605910927057,4,1,0.0,0.0,29.626220703125,14.817376136779785,14.818638801574707,14.86186408996582,14.848538398742676,12.358599662780762,12.366494178771973,12.63664722442627,12.553365707397461
0,3.796783208847046,0.0,0.0,0.005540176294744015,4,0,0.0,0.0,29.626220703125,14.817374229431152,14.818635940551758,14.861851692199707,14.848531723022461,12.358588218688965,12.366477012634277,12.63657283782959,12.553319931030273
0,3.8147244453430176,0.0,0.0,0.004658873658627272,4,0,0.0,0.0,29.626220703125,14.81737232208252,14.818634033203125,14.861839294433594,14.84852409362793,12.358576774597168,12.366459846496582,12.63649845123291,12.553274154663086
0,3.8328733444213867,0.0,0.0,0.0026500967796891928,4,0,0.0,0.0,29.626220703125,14.817370414733887,14.818631172180176,14.861827850341797,14.848516464233398,12.358565330505371,12.366442680358887,12.63642406463623,12.553228378295898
0,3.8507769107818604,0.0,0.0,0.0038776732981204987,4,1,0.0,0.0,29.626220703125,14.817368507385254,14.818628311157227,14.86181640625,14.848508834838867,12.358553886413574,12.366425514221191,12.63634967803955,12.553182601928711
0,3.869702100753784,0.0,0.0,0.004838995169848204,4,0,0.0,0.0,29.626220703125,14.817366600036621,14.818625450134277,14.861804008483887,14.848502159118652,12.358542442321777,12.366408348083496,12.636275291442871,12.553136825561523
0,3.8911006450653076,0.0,0.0,0.001840951037593186,4,0,0.0,0.0,29.626220703125,14.817364692687988,14.818621635437012,14.861787796020508,14.848491668701172,12.358527183532715,12.366385459899902,12.636176109313965,12.553075790405273
0,3.908540725708008,0.0,0.0,0.0034063200000673532,4,1,0.0,0.0,29.626220703125,14.817362785339355,14.818619728088379,14.861778259277344,14.848485946655273,12.35851764678955,12.366371154785156,12.636114120483398,12.553037643432617
0,3.925966262817383,0.0,0.0,0.003734458005055785,4,1,0.0,0.0,29.626220703125,14.817360877990723,14.81861686706543,14.861766815185547,14.848478317260742,12.358506202697754,12.366353988647461,12.636039733886719,12.55299186706543
0,3.9461538791656494,0.0,0.0,0.001870454172603786,4,0,0.0,0.0,29.626220703125,14.81735897064209,14.818613052368164,14.8617525100708,14.848470687866211,12.358492851257324,12.366333961486816,12.635952949523926,12.552938461303711
0,3.9647574424743652,0.0,0.0,0.0012844608863815665,4,0,0.0,0.0,29.626220703125,14.817357063293457,14.818611145019531,14.861740112304688,14.84846305847168,12.358481407165527,12.366316795349121,12.635878562927246,12.552892684936523
0,3.9821479320526123,0.0,0.0,0.004107937682420015,4,0,0.0,0.0,29.626220703125,14.817355155944824,14.818608283996582,14.86172866821289,14.848455429077148,12.35846996307373,12.366299629211426,12.635804176330566,12.552845001220703
0,4.000564813613892,0.0,0.0,0.0013760155998170376,4,0,0.0,0.0,29.626220703125,14.817353248596191,14.818605422973633,14.861717224121094,14.8484468460083,12.358458518981934,12.36628246307373,12.635729789733887,12.552793502807617
0,4.018519878387451,0.0,0.0,0.0015728262951597571,4,1,0.0,0.0,29.626220703125,14.817351341247559,14.818602561950684,14.86170482635498,14.848438262939453,12.358447074890137,12.366265296936035,12.635655403137207,12.552742004394531
0,4.036239147186279,0.0,0.0,0.0015999660827219486,4,0,0.0,0.0,29.626220703125,14.817349433898926,14.818599700927734,14.861692428588867,14.848430633544922,12.35843563079834,12.36624813079834,12.635581016540527,12.552690505981445
0,4.057342290878296,0.0,0.0,0.0022105409298092127,4,0,0.0,0.0,29.626220703125,14.817347526550293,14.818596839904785,14.861679077148438,14.848421096801758,12.35842227935791,12.366228103637695,12.635494232177734,12.552630424499512
0,4.076102018356323,0.0,0.0,0.0011182707967236638,4,0,0.0,0.0,29.626220703125,14.81734561920166,14.818593978881836,14.86166763305664,14.84841251373291,12.358410835266113,12.3662109375,12.635419845581055,12.552578926086426
0,4.097656011581421,0.0,0.0,0.0026746985968202353,4,0,0.0,0.0,29.626220703125,14.817343711853027,14.81859016418457,14.861653327941895,14.848402976989746,12.358397483825684,12.366190910339355,12.635333061218262,12.552518844604492
0,4.114823818206787,0.0,0.0,0.0021174901630729437,4,0,0.0,0.0,29.626220703125,14.817341804504395,14.818588256835938,14.861640930175781,14.848394393920898,12.358386039733887,12.36617374420166,12.635258674621582,12.552467346191406
0,4.1340861320495605,0.0,0.0,0.0025276218075305223,4,0,0.0,0.0,29.626220703125,14.817339897155762,14.818584442138672,14.861627578735352,14.848384857177734,12.358372688293457,12.366153717041016,12.635171890258789,12.552407264709473
0,4.153024673461914,0.0,0.0,0.0032411175779998302,4,0,0.0,0.0,29.626220703125,14.817337989807129,14.818581581115723,14.861616134643555,14.848377227783203,12.35836124420166,12.36613655090332,12.63509750366211,12.552355766296387
0,4.172983407974243,0.0,0.0,0.0023619148414582014,4,0,0.0,0.0,29.626220703125,14.81733512878418,14.818578720092773,14.861601829528809,14.848367691040039,12.35834789276123,12.366116523742676,12.635010719299316,12.552295684814453
0,4.193129539489746,0.0,0.0,0.002962002996355295,4,0,0.0,0.0,29.626220703125,14.817334175109863,14.818575859069824,14.861589431762695,14.848359107971191,12.358336448669434,12.36609935760498,12.634936332702637,12.552244186401367
0,4.2144081592559814,0.0,0.0,0.0027649730909615755,4,0,0.0,0.0,29.626220703125,14.817331314086914,14.818572998046875,14.861576080322266,14.848349571228027,12.358323097229004,12.366079330444336,12.634849548339844,12.552184104919434
0,4.232364892959595,0.0,0.0,0.0027073633391410112,4,1,0.0,0.0,29.626220703125,14.817329406738281,14.818570137023926,14.861564636230469,14.84834098815918,12.358311653137207,12.36606216430664,12.634775161743164,12.552132606506348
0,4.252355337142944,0.0,0.0,0.0035766137298196554,4,1,0.0,0.0,29.626220703125,14.817327499389648,14.818567276000977,14.861550331115723,14.848331451416016,12.358298301696777,12.366042137145996,12.634688377380371,12.552072525024414
0,4.270622253417969,0.0,0.0,0.00475222198292613,4,0,0.0,0.0,29.626220703125,14.817325592041016,14.818563461303711,14.86153793334961,14.848323822021484,12.35828685760498,12.3660249710083,12.634613990783691,12.552021026611328
0,4.291742563247681,0.0,0.0,0.0027098916471004486,4,1,0.0,0.0,29.626220703125,14.817323684692383,14.818560600280762,14.86152458190918,14.84831428527832,12.35827350616455,12.366004943847656,12.634527206420898,12.551960945129395
0,4.309257984161377,0.0,0.0,0.003245188854634762,4,1,0.0,0.0,29.626220703125,14.81732177734375,14.818557739257812,14.861512184143066,14.848305702209473,12.358262062072754,12.365987777709961,12.634452819824219,12.551909446716309
0,4.331317663192749,0.0,0.0,0.0028527576941996813,4,0,0.0,0.0,29.626220703125,14.817319869995117,14.818554878234863,14.861498832702637,14.848296165466309,12.358248710632324,12.365967750549316,12.634366035461426,12.551849365234375
0,4.348761081695557,0.0,0.0,0.0018927414203062654,4,0,0.0,0.0,29.626220703125,14.817317962646484,14.818552017211914,14.861486434936523,14.848287582397461,12.358237266540527,12.365950584411621,12.634291648864746,12.551797866821289
0,4.366380929946899,0.0,0.0,0.0029768142849206924,4,1,0.0,0.0,29.626220703125,14.817316055297852,14.818549156188965,14.861474990844727,14.84827995300293,12.35822582244873,12.365933418273926,12.634217262268066,12.551746368408203
0,4.388978004455566,0.0,0.0,0.003692199243232608,4,0,0.0,0.0,29.626220703125,14.817314147949219,14.818546295166016,14.861458778381348,14.848268508911133,12.358210563659668,12.365910530090332,12.63411808013916,12.551677703857422
0,4.406796932220459,0.0,0.0,0.0022131428122520447,4,0,0.0,0.0,29.626220703125,14.817312240600586,14.818543434143066,14.861449241638184,14.848261833190918,12.358201026916504,12.365896224975586,12.634056091308594,12.551634788513184
0,4.424526214599609,0.0,0.0,0.0027506884653121233,4,0,0.0,0.0,29.626220703125,14.817310333251953,14.818540573120117,14.86143684387207,14.84825325012207,12.358189582824707,12.36587905883789,12.633981704711914,12.551583290100098
0,4.442469120025635,0.0,0.0,0.0015801824629306793,4,0,0.0,0.0,29.626220703125,14.81730842590332,14.818537712097168,14.861425399780273,14.848245620727539,12.35817813873291,12.365861892700195,12.633907318115234,12.551531791687012
0,4.461145639419556,0.0,0.0,0.004016694147139788,4,0,0.0,0.0,29.626220703125,14.817306518554688,14.818534851074219,14.861411094665527,14.848236083984375,12.35816478729248,12.36584186553955,12.633820533752441,12.551471710205078
0,4.478676080703735,0.0,0.0,0.0018635726300999522,4,0,0.0,0.0,29.626220703125,14.817304611206055,14.818532943725586,14.861401557922363,14.848228454589844,12.358155250549316,12.365827560424805,12.633758544921875,12.55142879486084
0,4.49932074546814,0.0,0.0,0.0016335200052708387,4,0,0.0,0.0,29.626220703125,14.817302703857422,14.81852912902832,14.861387252807617,14.84821891784668,12.358141899108887,12.36580753326416,12.633671760559082,12.551368713378906
0,4.518281698226929,0.0,0.0,0.003063998883590102,4,0,0.0,0.0,29.626220703125,14.817300796508789,14.818526268005371,14.861373901367188,14.848209381103516,12.358128547668457,12.365787506103516,12.633584976196289,12.551308631896973
0,4.535742282867432,0.0,0.0,0.003084999741986394,4,0,0.0,0.0,29.626220703125,14.817298889160156,14.818523406982422,14.86136245727539,14.848201751708984,12.35811710357666,12.36577033996582,12.633514404296875,12.551257133483887
0,4.557408809661865,0.0,0.0,0.0014744220534339547,4,0,0.0,0.0,29.626220703125,14.817296981811523,14.818519592285156,14.861349105834961,14.848191261291504,12.35810375213623,12.365750312805176,12.633434295654297,12.551197052001953
0,4.575408697128296,0.0,0.0,0.0020437981002032757,4,0,0.0,0.0,29.626220703125,14.81729507446289,14.818517684936523,14.86133861541748,14.848183631896973,12.358092308044434,12.36573314666748,12.633365631103516,12.551145553588867
0,4.593498945236206,0.0,0.0,0.0004535434127319604,4,0,0.0,0.0,29.626220703125,14.817293167114258,14.818514823913574,14.861328125,14.848175048828125,12.358080863952637,12.365715980529785,12.633296966552734,12.551094055175781
0,4.611309766769409,0.0,0.0,0.002225835807621479,4,0,0.0,0.0,29.626220703125,14.817291259765625,14.818511962890625,14.861316680908203,14.848167419433594,12.35806941986084,12.36569881439209,12.633228302001953,12.551042556762695
0,4.629189968109131,0.0,0.0,0.0027803208213299513,4,1,0.0,0.0,29.626220703125,14.817289352416992,14.818509101867676,14.861305236816406,14.848158836364746,12.358057975769043,12.365681648254395,12.633159637451172,12.55099105834961
0,4.648869514465332,0.0,0.0,0.0009702784009277821,4,1,0.0,0.0,29.626220703125,14.81728744506836,14.818506240844727,14.861294746398926,14.848150253295898,12.358046531677246,12.3656644821167,12.63309097290039,12.550939559936523
0,4.668228626251221,0.0,0.0,0.0024888755287975073,4,0,0.0,0.0,29.626220703125,14.817285537719727,14.818503379821777,14.861282348632812,14.848140716552734,12.358033180236816,12.365644454956055,12.633010864257812,12.55087947845459
0,4.6860902309417725,0.0,0.0,0.0015512768877670169,4,0,0.0,0.0,29.626220703125,14.817283630371094,14.818500518798828,14.861270904541016,14.848133087158203,12.35802173614502,12.36562728881836,12.632942199707031,12.550827980041504
0,4.70414400100708,0.0,0.0,0.001817362499423325,4,1,0.0,0.0,29.626220703125,14.817281723022461,14.818497657775879,14.861259460449219,14.848124504089355,12.358010292053223,12.365610122680664,12.63287353515625,12.550776481628418
0,4.721862316131592,0.0,0.0,0.00197683391161263,4,1,0.0,0.0,29.626220703125,14.817279815673828,14.81849479675293,14.861250877380371,14.84811782836914,12.358000755310059,12.365595817565918,12.632819175720215,12.55073356628418
0,4.7400219440460205,0.0,0.0,0.0005110856145620346,4,0,0.0,0.0,29.626220703125,14.817277908325195,14.81849193572998,14.861239433288574,14.848108291625977,12.357987403869629,12.365575790405273,12.632745742797852,12.550673484802246
0,4.759511709213257,0.0,0.0,0.0007856219890527427,4,1,0.0,0.0,29.626220703125,14.817276000976562,14.818489074707031,14.861228942871094,14.848099708557129,12.357975959777832,12.365558624267578,12.632682800292969,12.55062198638916
0,4.778573989868164,0.0,0.0,0.0023812626022845507,4,0,0.0,0.0,29.626220703125,14.81727409362793,14.818487167358398,14.86121940612793,14.848091125488281,12.357964515686035,12.365541458129883,12.632619857788086,12.550570487976074
0,4.797914266586304,0.0,0.0,0.00011837400234071538,4,0,0.0,0.0,29.626220703125,14.817272186279297,14.818483352661133,14.861207962036133,14.848081588745117,12.357951164245605,12.365521430969238,12.632546424865723,12.55051040649414
0,4.816521406173706,0.0,0.0,0.0016241203993558884,4,0,0.0,0.0,29.626220703125,14.817270278930664,14.818480491638184,14.861197471618652,14.848073959350586,12.357939720153809,12.365504264831543,12.63248348236084,12.550458908081055
0,4.840094327926636,0.0,0.0,0.002882979577407241,4,1,0.0,0.0,29.626220703125,14.817268371582031,14.818477630615234,14.861184120178223,14.848062515258789,12.357924461364746,12.36548137664795,12.632399559020996,12.550390243530273
0,4.857630729675293,0.0,0.0,0.0023220288567245007,4,0,0.0,0.0,29.626220703125,14.817266464233398,14.818473815917969,14.861173629760742,14.848053932189941,12.35791301727295,12.365464210510254,12.632336616516113,12.550338745117188
0,4.875152826309204,0.0,0.0,0.0025950076524168253,4,0,0.0,0.0,29.626220703125,14.817264556884766,14.818471908569336,14.861164093017578,14.84804630279541,12.357901573181152,12.365447044372559,12.63227367401123,12.550287246704102
0,4.894558906555176,0.0,0.0,0.0023468518629670143,4,0,0.0,0.0,29.626220703125,14.817262649536133,14.818469047546387,14.861153602600098,14.848037719726562,12.357890129089355,12.365429878234863,12.632210731506348,12.550235748291016
0,4.912170648574829,0.0,0.0,0.0009861824801191688,4,1,0.0,0.0,29.626220703125,14.8172607421875,14.818466186523438,14.861143112182617,14.848030090332031,12.357878684997559,12.365412712097168,12.632147789001465,12.55018424987793
0,4.931971311569214,0.0,0.0,0.0003097323642577976,4,0,0.0,0.0,29.626220703125,14.817258834838867,14.818462371826172,14.86113166809082,14.84801959991455,12.357865333557129,12.365392684936523,12.632074356079102,12.550124168395996
0,4.951173543930054,0.0,0.0,0.0012485948391258717,4,0,0.0,0.0,29.626220703125,14.817256927490234,14.818460464477539,14.861122131347656,14.84801197052002,12.357853889465332,12.365375518798828,12.632011413574219,12.55007266998291
0,4.9700586795806885,0.0,0.0,0.0018666100222617388,4,1,0.0,0.0,29.626220703125,14.817255020141602,14.81845760345459,14.861111640930176,14.848003387451172,12.357842445373535,12.365358352661133,12.631948471069336,12.550021171569824
0,4.990512847900391,0.0,0.0,0.0008563004084862769,4,0,0.0,0.0,29.626220703125,14.817253112792969,14.81845474243164,14.861100196838379,14.847993850708008,12.357829093933105,12.365340232849121,12.631875038146973,12.54996109008789
0,5.008523941040039,0.0,0.0,0.0007041115895844996,4,0,0.0,0.0,29.626220703125,14.817251205444336,14.818452835083008,14.861089706420898,14.84798526763916,12.357817649841309,12.365328788757324,12.63181209564209,12.549909591674805
0,5.026172399520874,0.0,0.0,0.0017478708177804947,4,1,0.0,0.0,29.626220703125,14.817249298095703,14.818450927734375,14.861080169677734,14.847977638244629,12.357806205749512,12.365317344665527,12.631749153137207,12.549858093261719
0,5.046429395675659,0.0,0.0,0.00186745950486511,4,1,0.0,0.0,29.626220703125,14.81724739074707,14.818449020385742,14.861068725585938,14.847967147827148,12.357792854309082,12.365303993225098,12.631675720214844,12.549798011779785
0,5.064681768417358,0.0,0.0,0.0015015698736533523,4,0,0.0,0.0,29.626220703125,14.817245483398438,14.81844711303711,14.861058235168457,14.847959518432617,12.357781410217285,12.3652925491333,12.631612777709961,12.5497465133667
0,5.083137035369873,0.0,0.0,0.000417426141211763,4,0,0.0,0.0,29.626220703125,14.817243576049805,14.818445205688477,14.861047744750977,14.84795093536377,12.357769966125488,12.365281105041504,12.631549835205078,12.549695014953613
0,5.100947141647339,0.0,0.0,0.00030817367951385677,4,1,0.0,0.0,29.626220703125,14.817241668701172,14.818443298339844,14.861038208007812,14.847943305969238,12.357758522033691,12.365269660949707,12.631486892700195,12.549643516540527
0,5.118557453155518,0.0,0.0,0.0024782016407698393,4,0,0.0,0.0,29.626220703125,14.817239761352539,14.818441390991211,14.861027717590332,14.84793472290039,12.357747077941895,12.36525821685791,12.631423950195312,12.549592018127441
0,5.139572858810425,0.0,0.0,0.0009771139593794942,4,0,0.0,0.0,29.626220703125,14.817237854003906,14.818439483642578,14.861016273498535,14.847925186157227,12.357733726501465,12.36524486541748,12.63135051727295,12.549531936645508
0,5.157200574874878,0.0,0.0,0.00046501410542987287,4,1,0.0,0.0,29.626220703125,14.817235946655273,14.818437576293945,14.861005783081055,14.847916603088379,12.357722282409668,12.365233421325684,12.631287574768066,12.549480438232422
0,5.174888372421265,0.0,0.0,0.002049782546237111,4,1,0.0,0.0,29.626220703125,14.81723403930664,14.818435668945312,14.86099624633789,14.847908973693848,12.357710838317871,12.365221977233887,12.631224632263184,12.549428939819336
0,5.1932148933410645,0.0,0.0,0.0034086843952536583,4,0,0.0,0.0,29.626220703125,14.817232131958008,14.81843376159668,14.86098575592041,14.847900390625,12.357699394226074,12.36521053314209,12.6311616897583,12.54937744140625
0,5.210585594177246,0.0,0.0,0.0007403504569083452,4,0,0.0,0.0,29.626220703125,14.817230224609375,14.818431854248047,14.860977172851562,14.847893714904785,12.35768985748291,12.365200996398926,12.631109237670898,12.549334526062012
0,5.229578256607056,0.0,0.0,0.003466641763225198,4,1,0.0,0.0,29.626220703125,14.817228317260742,14.818429946899414,14.860965728759766,14.847884178161621,12.35767650604248,12.365187644958496,12.631035804748535,12.549274444580078
0,5.248453855514526,0.0,0.0,0.0017288379603996873,4,0,0.0,0.0,29.626220703125,14.81722640991211,14.818428039550781,14.860956192016602,14.847875595092773,12.357665061950684,12.3651762008667,12.630972862243652,12.549222946166992
0,5.315187454223633,0.0,0.0,0.0007739521679468453,4,0,0.0,0.0,29.626220703125,14.817219734191895,14.818421363830566,14.860918998718262,14.847845077514648,12.357623100280762,12.365134239196777,12.630742073059082,12.549034118652344
0,5.338644742965698,0.0,0.0,0.0018209151457995176,4,0,0.0,0.0,29.626220703125,14.817216873168945,14.818418502807617,14.860905647277832,14.847834587097168,12.3576078414917,12.365118980407715,12.630658149719238,12.548965454101562
0,5.356635093688965,0.0,0.0,0.0025646749418228865,4,0,0.0,0.0,29.626220703125,14.817214965820312,14.8184175491333,14.860895156860352,14.84782600402832,12.357596397399902,12.365107536315918,12.630595207214355,12.548913955688477
0,5.374248266220093,0.0,0.0,0.0022882844787091017,4,0,0.0,0.0,29.626220703125,14.81721305847168,14.818415641784668,14.860885620117188,14.847818374633789,12.357584953308105,12.365096092224121,12.630532264709473,12.54886245727539
0,5.392362356185913,0.0,0.0,0.0011932218912988901,4,0,0.0,0.0,29.626220703125,14.817212104797363,14.818413734436035,14.860875129699707,14.847809791564941,12.357573509216309,12.365084648132324,12.63046932220459,12.548810958862305
0,5.41016149520874,0.0,0.0,0.0029399613849818707,4,0,0.0,0.0,29.626220703125,14.81721019744873,14.818411827087402,14.860864639282227,14.847801208496094,12.357562065124512,12.365073204040527,12.630406379699707,12.548759460449219
0,5.428968667984009,0.0,0.0,0.0024610417895019054,4,0,0.0,0.0,29.626220703125,14.817208290100098,14.81840991973877,14.860855102539062,14.847793579101562,12.357550621032715,12.36506175994873,12.630343437194824,12.548707962036133
0,5.446331024169922,0.0,0.0,0.0018763375701382756,4,0,0.0,0.0,29.626220703125,14.817206382751465,14.818408012390137,14.860844612121582,14.847784996032715,12.357539176940918,12.365050315856934,12.630280494689941,12.548656463623047
0,5.464101552963257,0.0,0.0,0.0012581313494592905,4,0,0.0,0.0,29.626220703125,14.817204475402832,14.818406105041504,14.860835075378418,14.847776412963867,12.357527732849121,12.365038871765137,12.630217552185059,12.548604965209961
0,5.481465578079224,0.0,0.0,0.0014082478592172265,4,0,0.0,0.0,29.626220703125,14.8172025680542,14.818404197692871,14.860824584960938,14.847768783569336,12.357516288757324,12.36502742767334,12.630154609680176,12.548553466796875
0,5.499290943145752,0.0,0.0,0.002684990642592311,4,1,0.0,0.0,29.626220703125,14.817200660705566,14.818402290344238,14.860815048217773,14.847761154174805,12.357504844665527,12.365015983581543,12.630091667175293,12.548507690429688
0,5.516879320144653,0.0,0.0,0.0019090829882770777,4,1,0.0,0.0,29.626220703125,14.81719970703125,14.818401336669922,14.860806465148926,14.847755432128906,12.357495307922363,12.365006446838379,12.63003921508789,12.548469543457031
0,5.535667896270752,0.0,0.0,0.0030109549406915903,4,0,0.0,0.0,29.626220703125,14.8171968460083,14.818399429321289,14.860794067382812,14.847746849060059,12.357481956481934,12.36499309539795,12.629965782165527,12.548416137695312
0,5.6452765464782715,0.0,0.0,0.0012236492475494742,4,0,0.0,0.0,29.626220703125,14.81718635559082,14.818387985229492,14.860733985900879,14.847702980041504,12.357413291931152,12.364924430847168,12.62958812713623,12.548141479492188
0,5.667685508728027,0.0,0.0,0.0013839838793501258,4,0,0.0,0.0,29.626220703125,14.817183494567871,14.81838607788086,14.86072063446045,14.847692489624023,12.35739803314209,12.364909172058105,12.629504203796387,12.548080444335938
0,5.686151742935181,0.0,0.0,0.0008896677754819393,4,0,0.0,0.0,29.626220703125,14.817181587219238,14.818384170532227,14.860710144042969,14.847685813903809,12.357386589050293,12.364897727966309,12.629441261291504,12.54803466796875
0,5.703449010848999,0.0,0.0,0.0022280605044215918,4,1,0.0,0.0,29.626220703125,14.817180633544922,14.818382263183594,14.860700607299805,14.847678184509277,12.357375144958496,12.364886283874512,12.629378318786621,12.547988891601562
0,5.723146200180054,0.0,0.0,0.003000539029017091,4,0,0.0,0.0,29.626220703125,14.817178726196289,14.818380355834961,14.86069107055664,14.847671508789062,12.3573637008667,12.364874839782715,12.629315376281738,12.547943115234375
0,5.742287874221802,0.0,0.0,0.002577338134869933,4,0,0.0,0.0,29.626220703125,14.81717586517334,14.818378448486328,14.860678672790527,14.847661972045898,12.35735034942627,12.364861488342285,12.629241943359375,12.547889709472656
0,5.759598731994629,0.0,0.0,0.0005439923843368888,4,1,0.0,0.0,29.626220703125,14.817174911499023,14.818376541137695,14.86067008972168,14.84765625,12.357340812683105,12.364851951599121,12.629189491271973,12.5478515625
0,5.778017282485962,0.0,0.0,0.0008306915988214314,4,1,0.0,0.0,29.626220703125,14.81717300415039,14.818374633789062,14.860658645629883,14.847647666931152,12.357327461242676,12.364838600158691,12.62911605834961,12.547798156738281
0,5.799642562866211,0.0,0.0,0.0014615858672186732,4,0,0.0,0.0,29.626220703125,14.817170143127441,14.818371772766113,14.860647201538086,14.847639083862305,12.357314109802246,12.364825248718262,12.629042625427246,12.547744750976562
0,5.820253372192383,0.0,0.0,0.0007182367844507098,4,0,0.0,0.0,29.626220703125,14.817168235778809,14.81836986541748,14.860634803771973,14.847630500793457,12.357300758361816,12.364811897277832,12.628969192504883,12.547691345214844
0,5.838340759277344,0.0,0.0,0.0027111887466162443,4,1,0.0,0.0,29.626220703125,14.817166328430176,14.818367958068848,14.860625267028809,14.847623825073242,12.35728931427002,12.364800453186035,12.62890625,12.547645568847656
0,5.85785698890686,0.0,0.0,0.0025502117350697517,4,0,0.0,0.0,29.626220703125,14.817164421081543,14.818366050720215,14.860614776611328,14.847616195678711,12.357277870178223,12.364789009094238,12.628843307495117,12.547599792480469
0,5.876891613006592,0.0,0.0,0.000731324777007103,4,0,0.0,0.0,29.626220703125,14.81716251373291,14.818364143371582,14.860605239868164,14.847607612609863,12.357266426086426,12.364777565002441,12.628780364990234,12.5475492477417
0,5.8944737911224365,0.0,0.0,0.002668888308107853,4,0,0.0,0.0,29.626220703125,14.817160606384277,14.818363189697266,14.860594749450684,14.847599983215332,12.357254981994629,12.364766120910645,12.628717422485352,12.547497749328613
0,5.913422346115112,0.0,0.0,0.0019350061193108559,4,0,0.0,0.0,29.626220703125,14.817158699035645,14.818360328674316,14.860583305358887,14.847589492797852,12.3572416305542,12.364752769470215,12.628643989562988,12.54743766784668
0,5.934515953063965,0.0,0.0,0.003344999859109521,4,0,0.0,0.0,29.626220703125,14.817156791687012,14.818358421325684,14.860570907592773,14.847579956054688,12.35722827911377,12.364739418029785,12.628570556640625,12.547377586364746
0,5.9542787075042725,0.0,0.0,0.002114886185154319,4,0,0.0,0.0,29.626220703125,14.817154884338379,14.81835651397705,14.86056137084961,14.847572326660156,12.357216835021973,12.364727973937988,12.628507614135742,12.54732608795166
0,5.973355054855347,0.0,0.0,0.0006396254175342619,4,0,0.0,0.0,29.626220703125,14.81715202331543,14.818354606628418,14.860549926757812,14.847562789916992,12.357203483581543,12.364714622497559,12.628434181213379,12.547266006469727
0,5.991309881210327,0.0,0.0,0.0014495549257844687,4,0,0.0,0.0,29.626220703125,14.817151069641113,14.818352699279785,14.860539436340332,14.847554206848145,12.357192039489746,12.364703178405762,12.628371238708496,12.54721450805664
0,6.0099568367004395,0.0,0.0,0.0026846975088119507,4,0,0.0,0.0,29.626220703125,14.81714916229248,14.818350791931152,14.860528945922852,14.847545623779297,12.35718059539795,12.364691734313965,12.628308296203613,12.547163009643555
0,6.029401540756226,0.0,0.0,0.002610809402540326,4,0,0.0,0.0,29.626220703125,14.817147254943848,14.81834888458252,14.860519409179688,14.847537994384766,12.357169151306152,12.364680290222168,12.62824535369873,12.547111511230469
0,6.046876430511475,0.0,0.0,0.0030926375184208155,4,1,0.0,0.0,29.626220703125,14.817145347595215,14.818346977233887,14.860508918762207,14.847529411315918,12.357157707214355,12.364668846130371,12.628182411193848,12.547060012817383
0,6.0642523765563965,0.0,0.0,0.0016732113435864449,4,0,0.0,0.0,29.626220703125,14.817143440246582,14.818345069885254,14.860499382019043,14.84752082824707,12.357146263122559,12.364657402038574,12.628119468688965,12.547008514404297
0,6.088902235031128,0.0,0.0,0.001875146059319377,4,0,0.0,0.0,29.626220703125,14.817140579223633,14.818342208862305,14.860486030578613,14.84751033782959,12.357131004333496,12.364642143249512,12.628035545349121,12.546939849853516
0,6.107017517089844,0.0,0.0,0.0025133825838565826,4,0,0.0,0.0,29.626220703125,14.817138671875,14.818341255187988,14.860475540161133,14.847501754760742,12.3571195602417,12.364630699157715,12.627972602844238,12.54688835144043
0,6.124933481216431,0.0,0.0,0.0029421404469758272,4,1,0.0,0.0,29.626220703125,14.817136764526367,14.818339347839355,14.860466003417969,14.847494125366211,12.357108116149902,12.364619255065918,12.627909660339355,12.546836853027344
0,6.143294095993042,0.0,0.0,0.0023892419412732124,4,1,0.0,0.0,29.626220703125,14.81713581085205,14.818337440490723,14.860455513000488,14.847485542297363,12.357096672058105,12.364607810974121,12.627846717834473,12.546785354614258
0,6.1623640060424805,0.0,0.0,0.0023003038950264454,4,0,0.0,0.0,29.626220703125,14.817132949829102,14.818334579467773,14.860444068908691,14.8474760055542,12.357083320617676,12.364594459533691,12.62777328491211,12.546725273132324
0,6.179818391799927,0.0,0.0,0.0012161743361502886,4,0,0.0,0.0,29.626220703125,14.817131996154785,14.818333625793457,14.860435485839844,14.847469329833984,12.357073783874512,12.364584922790527,12.627720832824707,12.546682357788086
0,6.197130441665649,0.0,0.0,0.0017019259976223111,4,1,0.0,0.0,29.626220703125,14.817130088806152,14.818331718444824,14.860424995422363,14.847460746765137,12.357062339782715,12.36457347869873,12.627657890319824,12.546630859375
0,6.215930223464966,0.0,0.0,0.004006571136415005,4,0,0.0,0.0,29.626220703125,14.81712818145752,14.818329811096191,14.860413551330566,14.847451210021973,12.357048988342285,12.3645601272583,12.627584457397461,12.546570777893066
0,6.234613418579102,0.0,0.0,0.0009365685982629657,4,0,0.0,0.0,29.626220703125,14.817126274108887,14.818327903747559,14.860403060913086,14.847442626953125,12.357037544250488,12.364548683166504,12.627521514892578,12.54651927947998
0,6.256242036819458,0.0,0.0,0.001326075871475041,4,1,0.0,0.0,29.626220703125,14.817123413085938,14.818325996398926,14.860391616821289,14.847433090209961,12.357024192810059,12.364535331726074,12.627448081970215,12.546459197998047
0,6.274193286895752,0.0,0.0,0.001759674516506493,4,0,0.0,0.0,29.626220703125,14.817121505737305,14.818324089050293,14.860382080078125,14.84742546081543,12.357012748718262,12.364523887634277,12.627385139465332,12.546407699584961
0,6.294837951660156,0.0,0.0,0.0004152519104536623,4,0,0.0,0.0,29.626220703125,14.817119598388672,14.818321228027344,14.860369682312012,14.847415924072266,12.356999397277832,12.364510536193848,12.627311706542969,12.546347618103027
0,6.312306880950928,0.0,0.0,0.0033865836448967457,4,0,0.0,0.0,29.626220703125,14.817117691040039,14.818319320678711,14.860360145568848,14.847407341003418,12.356987953186035,12.36449909210205,12.627248764038086,12.546296119689941
0,6.329548358917236,0.0,0.0,0.003237764351069927,4,1,0.0,0.0,29.626220703125,14.817116737365723,14.818318367004395,14.8603515625,14.847400665283203,12.356978416442871,12.364489555358887,12.627196311950684,12.546253204345703
0,6.347699165344238,0.0,0.0,0.0025125867687165737,4,1,0.0,0.0,29.626220703125,14.81711483001709,14.818316459655762,14.86034107208252,14.847392082214355,12.356966972351074,12.36447811126709,12.6271333694458,12.546201705932617
0,6.367284774780273,0.0,0.0,0.0019457690650597215,4,0,0.0,0.0,29.626220703125,14.817112922668457,14.818314552307129,14.860329627990723,14.847382545471191,12.356953620910645,12.36446475982666,12.627059936523438,12.546141624450684
0,6.388196229934692,0.0,0.0,0.0016837762668728828,4,0,0.0,0.0,29.626220703125,14.817110061645508,14.81831169128418,14.860318183898926,14.847373008728027,12.356940269470215,12.36445140838623,12.626986503601074,12.54608154296875
0,6.40569543838501,0.0,0.0,0.002132112393155694,4,1,0.0,0.0,29.626220703125,14.817108154296875,14.818310737609863,14.860307693481445,14.84736442565918,12.356928825378418,12.364439964294434,12.626923561096191,12.546030044555664
0,6.423096656799316,0.0,0.0,0.0017139397095888853,4,0,0.0,0.0,29.626220703125,14.817106246948242,14.81830883026123,14.860298156738281,14.847356796264648,12.356917381286621,12.364428520202637,12.626860618591309,12.545978546142578
0,6.440799713134766,0.0,0.0,0.003435444086790085,4,0,0.0,0.0,29.626220703125,14.817105293273926,14.818306922912598,14.8602876663208,14.8473482131958,12.356905937194824,12.36441707611084,12.626797676086426,12.545927047729492
0,6.459047794342041,0.0,0.0,0.0028282017447054386,4,0,0.0,0.0,29.626220703125,14.817103385925293,14.818305015563965,14.86027717590332,14.847339630126953,12.356894493103027,12.364405632019043,12.626734733581543,12.545875549316406
0,6.4774110317230225,0.0,0.0,0.0015301825478672981,4,1,0.0,0.0,29.626220703125,14.81710147857666,14.818303108215332,14.860267639160156,14.847332000732422,12.35688304901123,12.364394187927246,12.62667179107666,12.54582405090332
0,6.4948389530181885,0.0,0.0,0.0024601623881608248,4,0,0.0,0.0,29.626220703125,14.817099571228027,14.818302154541016,14.860259056091309,14.847325325012207,12.356873512268066,12.364384651184082,12.626619338989258,12.545781135559082
0,6.5133984088897705,0.0,0.0,0.00037761713610962033,4,0,0.0,0.0,29.626220703125,14.817097663879395,14.818299293518066,14.860247611999512,14.847314834594727,12.356860160827637,12.364371299743652,12.626545906066895,12.545721054077148
0,6.531865835189819,0.0,0.0,0.0013817066792398691,4,1,0.0,0.0,29.626220703125,14.817095756530762,14.818297386169434,14.860237121582031,14.847307205200195,12.35684871673584,12.364359855651855,12.626482963562012,12.545669555664062
0,6.54941987991333,0.0,0.0,0.0015531029785051942,4,1,0.0,0.0,29.626220703125,14.817093849182129,14.8182954788208,14.860227584838867,14.847298622131348,12.356837272644043,12.364348411560059,12.626420021057129,12.545618057250977
0,6.5711681842803955,0.0,0.0,0.0004928340204060078,4,0,0.0,0.0,29.626220703125,14.817091941833496,14.818293571472168,14.860215187072754,14.847289085388184,12.356823921203613,12.364335060119629,12.626346588134766,12.545557975769043
0,6.588772296905518,0.0,0.0,0.0017496049404144287,4,0,0.0,0.0,29.626220703125,14.817090034484863,14.818291664123535,14.86020565032959,14.847280502319336,12.356812477111816,12.364323616027832,12.626283645629883,12.545506477355957
0,6.607581615447998,0.0,0.0,0.0008621586603112519,4,1,0.0,0.0,29.626220703125,14.81708812713623,14.818289756774902,14.86019515991211,14.847272872924805,12.35680103302002,12.364312171936035,12.626220703125,12.545454978942871
0,6.625535249710083,0.0,0.0,0.0015510660596191883,4,1,0.0,0.0,29.626220703125,14.817086219787598,14.81828784942627,14.860185623168945,14.847264289855957,12.356789588928223,12.364300727844238,12.626157760620117,12.545403480529785
0,6.642844915390015,0.0,0.0,0.0016204669373109937,4,1,0.0,0.0,29.626220703125,14.817084312438965,14.818286895751953,14.860175132751465,14.847256660461426,12.356778144836426,12.364289283752441,12.626094818115234,12.5453519821167
0,6.660919427871704,0.0,0.0,0.0008151783258654177,4,0,0.0,0.0,29.626220703125,14.817082405090332,14.81828498840332,14.860164642333984,14.847248077392578,12.356766700744629,12.364277839660645,12.626031875610352,12.545300483703613
0,6.679654359817505,0.0,0.0,0.0015861516585573554,4,0,0.0,0.0,29.626220703125,14.817081451416016,14.818283081054688,14.86015510559082,14.847240447998047,12.356755256652832,12.364266395568848,12.625972747802734,12.545248985290527
0,6.6970155239105225,0.0,0.0,0.0013109130086377263,4,1,0.0,0.0,29.626220703125,14.817079544067383,14.818281173706055,14.860146522521973,14.8472318649292,12.356743812561035,12.36425495147705,12.62591552734375,12.545197486877441
0,6.714312553405762,0.0,0.0,0.002709824126213789,4,0,0.0,0.0,29.626220703125,14.81707763671875,14.818279266357422,14.860137939453125,14.847223281860352,12.356732368469238,12.364243507385254,12.625858306884766,12.545145988464355
0,6.731902122497559,0.0,0.0,0.0016295543173328042,4,0,0.0,0.0,29.626220703125,14.817075729370117,14.818277359008789,14.860128402709961,14.84721565246582,12.356720924377441,12.364232063293457,12.625801086425781,12.54509449005127
0,6.750992059707642,0.0,0.0,0.0013107931008562446,4,0,0.0,0.0,29.626220703125,14.817073822021484,14.818275451660156,14.860118865966797,14.847207069396973,12.356709480285645,12.36422061920166,12.625743865966797,12.545042991638184
0,6.769413709640503,0.0,0.0,0.0032184210140258074,4,1,0.0,0.0,29.626220703125,14.817071914672852,14.818273544311523,14.860109329223633,14.847198486328125,12.356698036193848,12.364209175109863,12.625686645507812,12.544991493225098
0,6.7868547439575195,0.0,0.0,0.0015555688878521323,4,1,0.0,0.0,29.626220703125,14.817070007324219,14.81827163696289,14.860100746154785,14.847190856933594,12.35668659210205,12.364197731018066,12.625629425048828,12.544939994812012
0,6.804064750671387,0.0,0.0,0.0021692230366170406,4,0,0.0,0.0,29.626220703125,14.817068099975586,14.818269729614258,14.860092163085938,14.847182273864746,12.356675148010254,12.36418628692627,12.625572204589844,12.544888496398926
0,6.821620941162109,0.0,0.0,0.0016218106029555202,4,0,0.0,0.0,29.626220703125,14.817066192626953,14.818267822265625,14.860084533691406,14.847175598144531,12.35666561126709,12.364176750183105,12.625524520874023,12.544845581054688
0,6.843524932861328,0.0,0.0,0.00019035753211937845,4,1,0.0,0.0,29.626220703125,14.81706428527832,14.818265914916992,14.860071182250977,14.847164154052734,12.356650352478027,12.364161491394043,12.625448226928711,12.544776916503906
0,6.861402988433838,0.0,0.0,0.002565135946497321,4,0,0.0,0.0,29.626220703125,14.817062377929688,14.81826400756836,14.860062599182129,14.847156524658203,12.35663890838623,12.364150047302246,12.625391006469727,12.54472541809082
0,6.87978458404541,0.0,0.0,0.0016966249095275998,4,0,0.0,0.0,29.626220703125,14.817060470581055,14.818262100219727,14.860054016113281,14.847147941589355,12.356627464294434,12.36413860321045,12.625333786010742,12.544673919677734
0,6.897543430328369,0.0,0.0,0.0013770688092336059,4,0,0.0,0.0,29.626220703125,14.817058563232422,14.818260192871094,14.860044479370117,14.847139358520508,12.356616020202637,12.364127159118652,12.625276565551758,12.544622421264648
0,6.915167570114136,0.0,0.0,0.0011652873363345861,4,1,0.0,0.0,29.626220703125,14.817056655883789,14.818258285522461,14.860036849975586,14.847132682800293,12.356606483459473,12.364117622375488,12.625228881835938,12.54457950592041
0,6.935258150100708,0.0,0.0,0.0008762497454881668,4,0,0.0,0.0,29.626220703125,14.817054748535156,14.818256378173828,14.860025405883789,14.847123146057129,12.356593132019043,12.364104270935059,12.625162124633789,12.544519424438477
0,6.9599738121032715,0.0,0.0,0.0010213509667664766,4,0,0.0,0.0,29.626220703125,14.817051887512207,14.818254470825195,14.86001205444336,14.847110748291016,12.356575965881348,12.364087104797363,12.625076293945312,12.544442176818848
0,6.9792115688323975,0.0,0.0,0.0017223458271473646,4,1,0.0,0.0,29.626220703125,14.81705093383789,14.818252563476562,14.860002517700195,14.847103118896484,12.35656452178955,12.364075660705566,12.625019073486328,12.544390678405762
0,6.997089385986328,0.0,0.0,0.0015201302012428641,4,1,0.0,0.0,29.626220703125,14.817049026489258,14.81825065612793,14.859993934631348,14.847094535827637,12.356553077697754,12.36406421661377,12.624961853027344,12.544339179992676
0,7.014695167541504,0.0,0.0,0.00253767566755414,4,0,0.0,0.0,29.626220703125,14.817047119140625,14.818248748779297,14.8599853515625,14.847085952758789,12.356541633605957,12.364052772521973,12.62490463256836,12.54428768157959
0,7.032176494598389,0.0,0.0,0.0014804841484874487,4,0,0.0,0.0,29.626220703125,14.817045211791992,14.818246841430664,14.859975814819336,14.847078323364258,12.35653018951416,12.364041328430176,12.624847412109375,12.544236183166504
0,7.04977011680603,0.0,0.0,0.0010198974050581455,4,1,0.0,0.0,29.626220703125,14.81704330444336,14.818244934082031,14.859968185424805,14.847070693969727,12.356520652770996,12.364031791687012,12.624799728393555,12.544193267822266
0,7.067164421081543,0.0,0.0,0.0009872500086203218,4,1,0.0,0.0,29.626220703125,14.817041397094727,14.818243026733398,14.85995864868164,14.847063064575195,12.3565092086792,12.364020347595215,12.62474250793457,12.54414176940918
0,7.085696458816528,0.0,0.0,0.001496343407779932,4,0,0.0,0.0,29.626220703125,14.817039489746094,14.818241119384766,14.859949111938477,14.847054481506348,12.356497764587402,12.364008903503418,12.624685287475586,12.544090270996094
0,7.103028774261475,0.0,0.0,0.0023715284187346697,4,0,0.0,0.0,29.626220703125,14.817037582397461,14.818239212036133,14.859940528869629,14.8470458984375,12.356486320495605,12.363997459411621,12.624628067016602,12.544038772583008
0,7.120670557022095,0.0,0.0,0.0012386925518512726,4,1,0.0,0.0,29.626220703125,14.817035675048828,14.8182373046875,14.859931945800781,14.847038269042969,12.356474876403809,12.363986015319824,12.624570846557617,12.543987274169922
0,7.13864541053772,0.0,0.0,0.001870584674179554,4,0,0.0,0.0,29.626220703125,14.817033767700195,14.818235397338867,14.859922409057617,14.847029685974121,12.356463432312012,12.363974571228027,12.624513626098633,12.543935775756836
0,7.157267093658447,0.0,0.0,0.0013423393247649074,4,0,0.0,0.0,29.626220703125,14.817031860351562,14.81823444366455,14.859912872314453,14.847021102905273,12.356451988220215,12.36396312713623,12.624456405639648,12.54388427734375
0,7.174898862838745,0.0,0.0,0.0019164062105119228,4,1,0.0,0.0,29.626220703125,14.81702995300293,14.818232536315918,14.859903335571289,14.847013473510742,12.356440544128418,12.363951683044434,12.624399185180664,12.543832778930664
0,7.1962432861328125,0.0,0.0,0.002352785086259246,4,0,0.0,0.0,29.626220703125,14.817028045654297,14.818229675292969,14.859893798828125,14.847003936767578,12.356427192687988,12.363938331604004,12.624332427978516,12.54377269744873
0,7.214163303375244,0.0,0.0,0.0006565824733115733,4,0,0.0,0.0,29.626220703125,14.817026138305664,14.818227767944336,14.859884262084961,14.84699535369873,12.356415748596191,12.363926887512207,12.624275207519531,12.543721199035645
0,7.2319724559783936,0.0,0.0,0.0014054650673642755,4,1,0.0,0.0,29.626220703125,14.817024230957031,14.81822681427002,14.859874725341797,14.846986770629883,12.356404304504395,12.36391544342041,12.624217987060547,12.543669700622559
0,7.24936842918396,0.0,0.0,0.001276208902709186,4,0,0.0,0.0,29.626220703125,14.817022323608398,14.818224906921387,14.859865188598633,14.846979141235352,12.356392860412598,12.363903999328613,12.624160766601562,12.543618202209473
0,7.272008895874023,0.0,0.0,0.0006896855775266886,4,0,0.0,0.0,29.626220703125,14.817020416259766,14.818222045898438,14.859855651855469,14.846969604492188,12.356379508972168,12.363890647888184,12.624094009399414,12.543558120727539
0,7.289451360702515,0.0,0.0,0.002705531194806099,4,0,0.0,0.0,29.626220703125,14.817018508911133,14.818220138549805,14.859846115112305,14.84696102142334,12.356368064880371,12.363879203796387,12.62403678894043,12.543506622314453
0,7.30769944190979,0.0,0.0,0.0007550523150712252,4,1,0.0,0.0,29.626220703125,14.8170166015625,14.818219184875488,14.85983657836914,14.846952438354492,12.356356620788574,12.36386775970459,12.623979568481445,12.543455123901367
0,7.327821969985962,0.0,0.0,0.0018753147451207042,4,0,0.0,0.0,29.626220703125,14.817014694213867,14.818216323852539,14.85982608795166,14.846942901611328,12.356343269348145,12.36385440826416,12.623912811279297,12.543395042419434
0,7.345183372497559,0.0,0.0,0.0003278483054600656,4,0,0.0,0.0,29.626220703125,14.817012786865234,14.818214416503906,14.859817504882812,14.846935272216797,12.356331825256348,12.363842964172363,12.623855590820312,12.543343544006348
0,7.366366386413574,0.0,0.0,0.0028573155868798494,4,0,0.0,0.0,29.626220703125,14.817010879516602,14.818212509155273,14.859806060791016,14.846925735473633,12.356318473815918,12.363829612731934,12.623788833618164,12.543283462524414
0,7.384334087371826,0.0,0.0,0.00171920214779675,4,0,0.0,0.0,29.626220703125,14.817008972167969,14.81821060180664,14.859796524047852,14.846917152404785,12.356307029724121,12.363818168640137,12.62373161315918,12.543231964111328
0,7.402913808822632,0.0,0.0,0.00105181522667408,4,1,0.0,0.0,29.626220703125,14.817007064819336,14.818208694458008,14.859787940979004,14.846908569335938,12.356295585632324,12.36380672454834,12.623674392700195,12.543180465698242
0,7.423024892807007,0.0,0.0,0.0021548159420490265,4,1,0.0,0.0,29.626220703125,14.817005157470703,14.818206787109375,14.859777450561523,14.846899032592773,12.356282234191895,12.36379337310791,12.623607635498047,12.543120384216309
0,7.4441070556640625,0.0,0.0,0.0013996147317811847,4,0,0.0,0.0,29.626220703125,14.81700325012207,14.818204879760742,14.859766006469727,14.84688949584961,12.356268882751465,12.36378002166748,12.623540878295898,12.543060302734375
0,7.467500925064087,0.0,0.0,0.0009767235023900867,4,1,0.0,0.0,29.626220703125,14.817000389099121,14.81820297241211,14.85975456237793,14.846879005432129,12.356253623962402,12.363764762878418,12.623464584350586,12.542991638183594
0,7.485304117202759,0.0,0.0,0.0005455865757539868,4,1,0.0,0.0,29.626220703125,14.816998481750488,14.818201065063477,14.859745025634766,14.846870422363281,12.356242179870605,12.363753318786621,12.623407363891602,12.542940139770508
0,7.50314998626709,0.0,0.0,0.0025616216007620096,4,0,0.0,0.0,29.626220703125,14.816997528076172,14.818199157714844,14.859735488891602,14.84686279296875,12.356230735778809,12.363741874694824,12.623350143432617,12.542888641357422
0,7.5205771923065186,0.0,0.0,0.0006156738381832838,4,0,0.0,0.0,29.626220703125,14.816995620727539,14.818197250366211,14.85972785949707,14.846855163574219,12.356221199035645,12.36373233795166,12.623302459716797,12.542845726013184
0,7.538086652755737,0.0,0.0,0.00047992970212362707,4,1,0.0,0.0,29.626220703125,14.816993713378906,14.818195343017578,14.859719276428223,14.846847534179688,12.356209754943848,12.363720893859863,12.623245239257812,12.542794227600098
0,7.559823036193848,0.0,0.0,0.0010839381720870733,4,1,0.0,0.0,29.626220703125,14.816991806030273,14.818193435668945,14.859708786010742,14.846837997436523,12.356196403503418,12.363707542419434,12.623178482055664,12.542734146118164
0,7.582063674926758,0.0,0.0,0.00023624254390597343,4,0,0.0,0.0,29.626220703125,14.816988945007324,14.818190574645996,14.859696388244629,14.846826553344727,12.356181144714355,12.363692283630371,12.623102188110352,12.542665481567383
0,7.6000635623931885,0.0,0.0,0.0025856231804937124,4,1,0.0,0.0,29.626220703125,14.816987037658691,14.818188667297363,14.859687805175781,14.846817970275879,12.356169700622559,12.363680839538574,12.623044967651367,12.542613983154297
0,7.618403434753418,0.0,0.0,0.0013251113705337048,4,0,0.0,0.0,29.626220703125,14.816985130310059,14.818187713623047,14.859678268432617,14.846810340881348,12.356158256530762,12.363669395446777,12.622987747192383,12.542562484741211
0,7.635539531707764,0.0,0.0,0.0021398563403636217,4,0,0.0,0.0,29.626220703125,14.816983222961426,14.818185806274414,14.859668731689453,14.8468017578125,12.356146812438965,12.36365795135498,12.622930526733398,12.542510986328125
0,7.652909755706787,0.0,0.0,0.0012446186738088727,4,0,0.0,0.0,29.626220703125,14.81698226928711,14.818183898925781,14.859659194946289,14.846794128417969,12.356135368347168,12.363646507263184,12.622873306274414,12.542459487915039
0,7.6746697425842285,0.0,0.0,0.0011119842529296875,4,1,0.0,0.0,29.626220703125,14.81697940826416,14.818181037902832,14.859649658203125,14.846783638000488,12.356122016906738,12.363633155822754,12.622806549072266,12.542399406433105
0,7.69835352897644,0.0,0.0,0.001809620764106512,4,0,0.0,0.0,29.626220703125,14.816976547241211,14.8181791305542,14.859636306762695,14.846773147583008,12.356106758117676,12.363617897033691,12.622730255126953,12.542330741882324
0,7.715831279754639,0.0,0.0,0.0014372712466865778,4,0,0.0,0.0,29.626220703125,14.816975593566895,14.818177223205566,14.859627723693848,14.84676456451416,12.356095314025879,12.363606452941895,12.622673034667969,12.542279243469238
0,7.73351788520813,0.0,0.0,0.0003611451538745314,4,1,0.0,0.0,29.626220703125,14.816973686218262,14.818175315856934,14.859620094299316,14.846757888793945,12.356085777282715,12.36359691619873,12.622625350952148,12.542236328125
0,7.751564025878906,0.0,0.0,0.001607720274478197,4,1,0.0,0.0,29.626220703125,14.816971778869629,14.8181734085083,14.859611511230469,14.846749305725098,12.356074333190918,12.363585472106934,12.622568130493164,12.542184829711914
0,7.772459983825684,0.0,0.0,0.002763183554634452,4,0,0.0,0.0,29.626220703125,14.816969871520996,14.818171501159668,14.859600067138672,14.846739768981934,12.356060981750488,12.363572120666504,12.622501373291016,12.54212474822998
0,7.79523491859436,0.0,0.0,0.0003067468060180545,4,0,0.0,0.0,29.626220703125,14.816967010498047,14.818168640136719,14.859588623046875,14.846729278564453,12.356045722961426,12.363556861877441,12.622425079345703,12.5420560836792
0,7.909878253936768,0.0,0.0,0.00208481983281672,4,0,0.0,0.0,29.626220703125,14.81695556640625,14.818157196044922,14.859529495239258,14.84667682647705,12.355973243713379,12.363484382629395,12.622062683105469,12.541729927062988
0,7.932711124420166,0.0,0.0,0.001309952582232654,4,1,0.0,0.0,29.626220703125,14.816953659057617,14.818155288696289,14.859518051147461,14.84666633605957,12.355957984924316,12.363469123840332,12.621986389160156,12.541661262512207
0,7.950135946273804,0.0,0.0,0.0010519553907215595,4,0,0.0,0.0,29.626220703125,14.816951751708984,14.818153381347656,14.859508514404297,14.846657752990723,12.35594654083252,12.363457679748535,12.621929168701172,12.541609764099121
0,7.9674437046051025,0.0,0.0,0.00034644000697880983,4,0,0.0,0.0,29.626220703125,14.816949844360352,14.818151473999023,14.859500885009766,14.846651077270508,12.355937004089355,12.363448143005371,12.621881484985352,12.541566848754883
0,7.985246658325195,0.0,0.0,0.0019616135396063328,4,1,0.0,0.0,29.626220703125,14.816947937011719,14.81814956665039,14.859491348266602,14.84664249420166,12.355925559997559,12.363436698913574,12.621824264526367,12.541515350341797
0,8.003447771072388,0.0,0.0,0.00019706052262336016,4,0,0.0,0.0,29.626220703125,14.816946029663086,14.818147659301758,14.859481811523438,14.846632957458496,12.355912208557129,12.363423347473145,12.621757507324219,12.541455268859863
0,8.0262131690979,0.0,0.0,0.0004974501207470894,4,0,0.0,0.0,29.626220703125,14.816944122314453,14.818145751953125,14.85947036743164,14.846623420715332,12.3558988571167,12.363409996032715,12.62169075012207,12.541398048400879
0,8.048516750335693,0.0,0.0,0.001682424801401794,4,1,0.0,0.0,29.626220703125,14.81694221496582,14.818143844604492,14.85945987701416,14.846616744995117,12.35588550567627,12.363396644592285,12.621623992919922,12.541351318359375
0,8.065908432006836,0.0,0.0,0.0013446836965158582,4,0,0.0,0.0,29.626220703125,14.816940307617188,14.81814193725586,14.859451293945312,14.846610069274902,12.355874061584473,12.363385200500488,12.621566772460938,12.541311264038086
0,8.083061218261719,0.0,0.0,0.0018796836957335472,4,0,0.0,0.0,29.626220703125,14.816938400268555,14.818140029907227,14.859441757202148,14.846603393554688,12.355862617492676,12.363373756408691,12.621509552001953,12.541271209716797
0,8.10115647315979,0.0,0.0,0.0030713588930666447,4,0,0.0,0.0,29.626220703125,14.816936492919922,14.818138122558594,14.859432220458984,14.846596717834473,12.355851173400879,12.363362312316895,12.621452331542969,12.541231155395508
0,8.119666576385498,0.0,0.0,0.0006917522405274212,4,0,0.0,0.0,29.626220703125,14.816934585571289,14.818136215209961,14.85942268371582,14.846590042114258,12.355839729309082,12.363350868225098,12.621395111083984,12.541191101074219
0,8.137691259384155,0.0,0.0,0.0010465666418895125,4,1,0.0,0.0,29.626220703125,14.816932678222656,14.818134307861328,14.859414100646973,14.84658432006836,12.355828285217285,12.3633394241333,12.621337890625,12.54115104675293
0,8.155105352401733,0.0,0.0,0.0010549178114160895,4,1,0.0,0.0,29.626220703125,14.816930770874023,14.818132400512695,14.859405517578125,14.846577644348145,12.355816841125488,12.363327980041504,12.621280670166016,12.54111099243164
0,8.173266172409058,0.0,0.0,0.0008940748521126807,4,0,0.0,0.0,29.626220703125,14.81692886352539,14.818130493164062,14.859395980834961,14.84657096862793,12.355805397033691,12.363316535949707,12.621223449707031,12.541070938110352
0,8.192175149917603,0.0,0.0,0.0006473740795627236,4,0,0.0,0.0,29.626220703125,14.816926956176758,14.81812858581543,14.859386444091797,14.846565246582031,12.355793952941895,12.36330509185791,12.621166229248047,12.541030883789062
0,8.215097188949585,0.0,0.0,0.002030781004577875,4,1,0.0,0.0,29.626220703125,14.816925048828125,14.818126678466797,14.859375,14.846556663513184,12.355778694152832,12.363289833068848,12.621089935302734,12.540977478027344
0,8.23800277709961,0.0,0.0,0.001070655882358551,4,0,0.0,0.0,29.626220703125,14.816922187805176,14.818124771118164,14.859363555908203,14.846549034118652,12.355765342712402,12.363276481628418,12.621023178100586,12.54093074798584
0,8.255424499511719,0.0,0.0,0.0005302092176862061,4,0,0.0,0.0,29.626220703125,14.81692123413086,14.818122863769531,14.859354019165039,14.846542358398438,12.355753898620605,12.363265037536621,12.620965957641602,12.54089069366455
0,8.27280330657959,0.0,0.0,0.0004724090686067939,4,1,0.0,0.0,29.626220703125,14.816919326782227,14.818120956420898,14.859345436096191,14.846536636352539,12.355742454528809,12.363253593444824,12.620908737182617,12.540850639343262
0,8.290703058242798,0.0,0.0,0.0005631183157674968,4,1,0.0,0.0,29.626220703125,14.816917419433594,14.818119049072266,14.859336853027344,14.846529960632324,12.355731010437012,12.363242149353027,12.620851516723633,12.540810585021973
0,8.310731887817383,0.0,0.0,0.0005282763740979135,4,0,0.0,0.0,29.626220703125,14.816914558410645,14.818117141723633,14.859325408935547,14.846522331237793,12.355717658996582,12.363228797912598,12.620784759521484,12.540763854980469
0,8.328577041625977,0.0,0.0,0.0024577940348535776,4,0,0.0,0.0,29.626220703125,14.816913604736328,14.818115234375,14.859315872192383,14.846515655517578,12.355706214904785,12.3632173538208,12.6207275390625,12.54072380065918
0,8.345813512802124,0.0,0.0,0.0004349508963059634,4,1,0.0,0.0,29.626220703125,14.816911697387695,14.818113327026367,14.859308242797852,14.84650993347168,12.355696678161621,12.363207817077637,12.62067985534668,12.540690422058105
0,8.364163160324097,0.0,0.0,0.0018153636483475566,4,1,0.0,0.0,29.626220703125,14.816909790039062,14.818111419677734,14.859298706054688,14.846503257751465,12.355683326721191,12.363194465637207,12.620613098144531,12.540643692016602
0,8.38169527053833,0.0,0.0,0.0033167905639857054,4,0,0.0,0.0,29.626220703125,14.81690788269043,14.818109512329102,14.859291076660156,14.846497535705566,12.355673789978027,12.363184928894043,12.620565414428711,12.540610313415527
0,8.404213190078735,0.0,0.0,0.0010583989787846804,4,1,0.0,0.0,29.626220703125,14.816905975341797,14.818107604980469,14.859277725219727,14.846488952636719,12.355658531188965,12.36316967010498,12.620489120483398,12.540556907653809
0,8.422162294387817,0.0,0.0,0.0006342188571579754,4,1,0.0,0.0,29.626220703125,14.816904067993164,14.818105697631836,14.859269142150879,14.84648323059082,12.355647087097168,12.363158226013184,12.620431900024414,12.54051685333252
0,8.439940214157104,0.0,0.0,0.0018286919221282005,4,0,0.0,0.0,29.626220703125,14.816902160644531,14.818103790283203,14.859260559082031,14.846476554870605,12.355635643005371,12.363146781921387,12.62037467956543,12.54047679901123
0,8.459317445755005,0.0,0.0,0.001815127907320857,4,0,0.0,0.0,29.626220703125,14.816900253295898,14.81810188293457,14.859251022338867,14.84646987915039,12.355624198913574,12.36313533782959,12.620317459106445,12.540436744689941
0,8.477599620819092,0.0,0.0,0.000616339675616473,4,0,0.0,0.0,29.626220703125,14.816898345947266,14.818099975585938,14.859241485595703,14.846463203430176,12.355612754821777,12.363123893737793,12.620260238647461,12.540396690368652
0,8.495477676391602,0.0,0.0,0.0031634753104299307,4,1,0.0,0.0,29.626220703125,14.816896438598633,14.818098068237305,14.859231948852539,14.846456527709961,12.35560131072998,12.363112449645996,12.620203018188477,12.540356636047363
0,8.513333320617676,0.0,0.0,0.001117765554226935,4,0,0.0,0.0,29.626220703125,14.81689453125,14.818096160888672,14.859223365783691,14.846450805664062,12.355589866638184,12.3631010055542,12.620145797729492,12.540316581726074
0,8.532349824905396,0.0,0.0,0.0004091440641786903,4,0,0.0,0.0,29.626220703125,14.816892623901367,14.818094253540039,14.859212875366211,14.846443176269531,12.355576515197754,12.36308765411377,12.620079040527344,12.54026985168457
0,8.550148248672485,0.0,0.0,0.0012354310601949692,4,1,0.0,0.0,29.626220703125,14.816890716552734,14.818092346191406,14.859203338623047,14.846436500549316,12.355565071105957,12.363076210021973,12.62002182006836,12.540229797363281
0,8.569257020950317,0.0,0.0,0.0009231850854121149,4,1,0.0,0.0,29.626220703125,14.816888809204102,14.818090438842773,14.859193801879883,14.846429824829102,12.35555362701416,12.363064765930176,12.619964599609375,12.540189743041992
0,8.587457656860352,0.0,0.0,0.003647011239081621,4,0,0.0,0.0,29.626220703125,14.816886901855469,14.81808853149414,14.859185218811035,14.846424102783203,12.355542182922363,12.363053321838379,12.61990737915039,12.540149688720703
0,8.607763051986694,0.0,0.0,0.0013285123277455568,4,0,0.0,0.0,29.626220703125,14.816884994506836,14.818086624145508,14.859174728393555,14.846416473388672,12.355528831481934,12.36303997039795,12.619840621948242,12.5401029586792
0,8.625680446624756,0.0,0.0,0.002343107247725129,4,1,0.0,0.0,29.626220703125,14.816883087158203,14.818084716796875,14.85916519165039,14.846409797668457,12.355517387390137,12.363028526306152,12.619783401489258,12.54006290435791
0,8.648597955703735,0.0,0.0,0.004039755091071129,4,0,0.0,0.0,29.626220703125,14.81688117980957,14.818082809448242,14.85915470123291,14.846403121948242,12.355504035949707,12.363015174865723,12.61971664428711,12.540016174316406
0,8.665942430496216,0.0,0.0,0.0020994646474719048,4,0,0.0,0.0,29.626220703125,14.816879272460938,14.81808090209961,14.859146118164062,14.846396446228027,12.35549259185791,12.363003730773926,12.619659423828125,12.539976119995117
0,8.686201095581055,0.0,0.0,0.00028483339701779187,4,1,0.0,0.0,29.626220703125,14.816876411437988,14.818078994750977,14.859134674072266,14.846388816833496,12.35547924041748,12.362990379333496,12.619592666625977,12.539929389953613
0,8.703481197357178,0.0,0.0,0.0036121304146945477,4,0,0.0,0.0,29.626220703125,14.816875457763672,14.818077087402344,14.859125137329102,14.846382141113281,12.355467796325684,12.3629789352417,12.619535446166992,12.539889335632324
0,8.723164319992065,0.0,0.0,0.0028133555315434933,4,0,0.0,0.0,29.626220703125,14.816873550415039,14.818075180053711,14.859116554260254,14.846376419067383,12.355456352233887,12.362967491149902,12.619478225708008,12.539849281311035
0,8.741996765136719,0.0,0.0,0.0024148686788976192,4,1,0.0,0.0,29.626220703125,14.81687068939209,14.818073272705078,14.859106063842773,14.846368789672852,12.355443000793457,12.362954139709473,12.61941146850586,12.539802551269531
0,8.760918378829956,0.0,0.0,0.002609491813927889,4,0,0.0,0.0,29.626220703125,14.816868782043457,14.818071365356445,14.85909652709961,14.846362113952637,12.35543155670166,12.362942695617676,12.619354248046875,12.539762496948242
0,8.778860092163086,0.0,0.0,0.003957690205425024,4,1,0.0,0.0,29.626220703125,14.81686782836914,14.818069458007812,14.859086990356445,14.846355438232422,12.355420112609863,12.362931251525879,12.61929702758789,12.539717674255371
0,8.79628038406372,0.0,0.0,0.0027589183300733566,4,0,0.0,0.0,29.626220703125,14.816865921020508,14.81806755065918,14.859078407287598,14.84634780883789,12.355408668518066,12.362919807434082,12.619239807128906,12.539671897888184
0,8.81523585319519,0.0,0.0,0.002429122570902109,4,0,0.0,0.0,29.626220703125,14.816864013671875,14.818065643310547,14.85906982421875,14.84634017944336,12.35539722442627,12.362908363342285,12.619182586669922,12.539626121520996
0,8.833129644393921,0.0,0.0,0.003042619675397873,4,0,0.0,0.0,29.626220703125,14.816862106323242,14.818063735961914,14.859060287475586,14.846332550048828,12.355385780334473,12.362896919250488,12.619125366210938,12.539580345153809
0,8.850776433944702,0.0,0.0,0.0024181592743843794,4,1,0.0,0.0,29.626220703125,14.81686019897461,14.818061828613281,14.859050750732422,14.846325874328613,12.355374336242676,12.362885475158691,12.619068145751953,12.539534568786621
0,8.868706941604614,0.0,0.0,0.0017284353962168097,4,0,0.0,0.0,29.626220703125,14.816858291625977,14.818059921264648,14.859041213989258,14.846318244934082,12.355362892150879,12.362874031066895,12.619010925292969,12.539488792419434
0,8.886611938476562,0.0,0.0,0.001930934377014637,4,1,0.0,0.0,29.626220703125,14.816856384277344,14.818058013916016,14.85903263092041,14.84631061553955,12.355351448059082,12.362862586975098,12.618953704833984,12.539443016052246
0,8.908701658248901,0.0,0.0,0.0029555787332355976,4,0,0.0,0.0,29.626220703125,14.816854476928711,14.818056106567383,14.85902214050293,14.846302032470703,12.355338096618652,12.362849235534668,12.618886947631836,12.539389610290527
0,8.926204681396484,0.0,0.0,0.003094291314482689,4,0,0.0,0.0,29.626220703125,14.816852569580078,14.81805419921875,14.859012603759766,14.846295356750488,12.355326652526855,12.362837791442871,12.618829727172852,12.53934383392334
0,8.944742441177368,0.0,0.0,0.003434783313423395,4,1,0.0,0.0,29.626220703125,14.816850662231445,14.818052291870117,14.859003067016602,14.846287727355957,12.355315208435059,12.362826347351074,12.618772506713867,12.539298057556152
0,8.9621102809906,0.0,0.0,0.003093334147706628,4,1,0.0,0.0,29.626220703125,14.816848754882812,14.818050384521484,14.858994483947754,14.846280097961426,12.355303764343262,12.362814903259277,12.618715286254883,12.539252281188965
0,8.979385614395142,0.0,0.0,0.0034238621592521667,4,0,0.0,0.0,29.626220703125,14.81684684753418,14.818048477172852,14.858985900878906,14.846273422241211,12.355292320251465,12.36280345916748,12.618658065795898,12.539206504821777
0,8.997254133224487,0.0,0.0,0.002017212798818946,4,0,0.0,0.0,29.626220703125,14.816844940185547,14.818046569824219,14.858976364135742,14.84626579284668,12.355280876159668,12.362792015075684,12.618600845336914,12.53916072845459
0,9.01474380493164,0.0,0.0,0.0010827673831954598,4,0,0.0,0.0,29.626220703125,14.816843032836914,14.818044662475586,14.858968734741211,14.846260070800781,12.355271339416504,12.36278247833252,12.618553161621094,12.539122581481934
0,9.032623291015625,0.0,0.0,0.0021914481185376644,4,0,0.0,0.0,29.626220703125,14.816841125488281,14.81804370880127,14.858959197998047,14.84625244140625,12.355259895324707,12.362771034240723,12.61849594116211,12.539076805114746
0,9.053404808044434,0.0,0.0,0.0024063470773398876,4,0,0.0,0.0,29.626220703125,14.816839218139648,14.81804084777832,14.858948707580566,14.846243858337402,12.355246543884277,12.362757682800293,12.618429183959961,12.539023399353027
0,9.07071566581726,0.0,0.0,0.0008017629152163863,4,1,0.0,0.0,29.626220703125,14.816837310791016,14.818038940429688,14.858940124511719,14.846236228942871,12.35523509979248,12.362746238708496,12.618371963500977,12.53897762298584
0,9.088387727737427,0.0,0.0,0.0013194568455219269,4,1,0.0,0.0,29.626220703125,14.816835403442383,14.818037033081055,14.858930587768555,14.846229553222656,12.355223655700684,12.3627347946167,12.618314743041992,12.538931846618652
0,9.1067533493042,0.0,0.0,0.0028415750712156296,4,0,0.0,0.0,29.626220703125,14.81683349609375,14.818036079406738,14.85892105102539,14.846221923828125,12.355212211608887,12.362723350524902,12.618257522583008,12.538886070251465
0,9.126109838485718,0.0,0.0,0.0006864902097731829,4,0,0.0,0.0,29.626220703125,14.816831588745117,14.818033218383789,14.85891056060791,14.846213340759277,12.355198860168457,12.362709999084473,12.61819076538086,12.538832664489746
0,9.147940397262573,0.0,0.0,0.0019205798162147403,4,0,0.0,0.0,29.626220703125,14.816829681396484,14.818031311035156,14.85890007019043,14.84620475769043,12.355185508728027,12.362696647644043,12.618124008178711,12.538779258728027
0,9.166136980056763,0.0,0.0,0.002879083389416337,4,0,0.0,0.0,29.626220703125,14.816827774047852,14.818029403686523,14.858890533447266,14.846197128295898,12.35517406463623,12.362685203552246,12.618066787719727,12.53873348236084
0,9.1841881275177,0.0,0.0,0.0007850959664210677,4,0,0.0,0.0,29.626220703125,14.816825866699219,14.81802749633789,14.858880996704102,14.846189498901367,12.355162620544434,12.36267375946045,12.618009567260742,12.538687705993652
0,9.206587076187134,0.0,0.0,0.001985254231840372,4,1,0.0,0.0,29.626220703125,14.816823959350586,14.818025588989258,14.858871459960938,14.846181869506836,12.355149269104004,12.36266040802002,12.617942810058594,12.538634300231934
0,9.224332332611084,0.0,0.0,0.000824547722004354,4,0,0.0,0.0,29.626220703125,14.816822052001953,14.818023681640625,14.858861923217773,14.846174240112305,12.355137825012207,12.362648963928223,12.61788558959961,12.538588523864746
0,9.24337363243103,0.0,0.0,0.0011799492640420794,4,0,0.0,0.0,29.626220703125,14.81682014465332,14.818021774291992,14.858850479125977,14.846165657043457,12.355124473571777,12.362635612487793,12.617818832397461,12.538535118103027
0,9.262375354766846,0.0,0.0,0.0004872431163676083,4,0,0.0,0.0,29.626220703125,14.816818237304688,14.81801986694336,14.858841896057129,14.846158027648926,12.35511302947998,12.362624168395996,12.617761611938477,12.53848934173584
0,9.279764413833618,0.0,0.0,0.0008744499646127224,4,1,0.0,0.0,29.626220703125,14.816816329956055,14.818017959594727,14.858833312988281,14.846151351928711,12.355101585388184,12.3626127243042,12.617704391479492,12.538443565368652
0,9.297175407409668,0.0,0.0,0.0016873817658051848,4,0,0.0,0.0,29.626220703125,14.816814422607422,14.818016052246094,14.858823776245117,14.84614372253418,12.355090141296387,12.362601280212402,12.617647171020508,12.538397789001465
0,9.316314458847046,0.0,0.0,0.0015386774903163314,4,0,0.0,0.0,29.626220703125,14.816812515258789,14.818014144897461,14.858814239501953,14.846136093139648,12.35507869720459,12.362589836120605,12.617589950561523,12.538352012634277
0,9.33489179611206,0.0,0.0,0.0016754455864429474,4,1,0.0,0.0,29.626220703125,14.816810607910156,14.818012237548828,14.858804702758789,14.846128463745117,12.355067253112793,12.362578392028809,12.617532730102539,12.53830623626709
0,9.352302074432373,0.0,0.0,0.002617505844682455,4,0,0.0,0.0,29.626220703125,14.816808700561523,14.818010330200195,14.858796119689941,14.846121788024902,12.355055809020996,12.362566947937012,12.617475509643555,12.538260459899902
0,9.370448350906372,0.0,0.0,0.0019412923138588667,4,0,0.0,0.0,29.626220703125,14.81680679321289,14.818008422851562,14.858787536621094,14.846114158630371,12.3550443649292,12.362555503845215,12.61741828918457,12.538214683532715
0,9.38864016532898,0.0,0.0,0.002531516132876277,4,0,0.0,0.0,29.626220703125,14.816804885864258,14.81800651550293,14.85877799987793,14.846107482910156,12.355032920837402,12.362544059753418,12.617361068725586,12.538168907165527
0,9.41026782989502,0.0,0.0,0.0007502417429350317,4,0,0.0,0.0,29.626220703125,14.816802978515625,14.818004608154297,14.858766555786133,14.846097946166992,12.355019569396973,12.362530708312988,12.617294311523438,12.538115501403809
0,9.427806615829468,0.0,0.0,0.0017350405687466264,4,0,0.0,0.0,29.626220703125,14.816801071166992,14.818002700805664,14.858757972717285,14.846091270446777,12.355008125305176,12.362519264221191,12.617237091064453,12.538069725036621
0,9.451062679290771,0.0,0.0,0.00011192115198355168,4,1,0.0,0.0,29.626220703125,14.81679916381836,14.818000793457031,14.858745574951172,14.846081733703613,12.354992866516113,12.362504005432129,12.61716079711914,12.538008689880371
0,9.468245506286621,0.0,0.0,0.002201370196416974,4,1,0.0,0.0,29.626220703125,14.816797256469727,14.817998886108398,14.858736038208008,14.846074104309082,12.354981422424316,12.362492561340332,12.617103576660156,12.537962913513184
0,9.486233234405518,0.0,0.0,0.0007821810431778431,4,0,0.0,0.0,29.626220703125,14.816795349121094,14.817996978759766,14.85872745513916,14.84606647491455,12.35496997833252,12.362481117248535,12.617045402526855,12.537917137145996
0,9.505413293838501,0.0,0.0,0.0006498431321233511,4,0,0.0,0.0,29.626220703125,14.816793441772461,14.817995071411133,14.85871696472168,14.846059799194336,12.354958534240723,12.362469673156738,12.616982460021973,12.537871360778809
0,9.522666931152344,0.0,0.0,0.0021465218160301447,4,0,0.0,0.0,29.626220703125,14.816791534423828,14.8179931640625,14.858707427978516,14.846052169799805,12.354947090148926,12.362458229064941,12.61691951751709,12.537825584411621
0,9.54049015045166,0.0,0.0,0.002448300365358591,4,0,0.0,0.0,29.626220703125,14.816789627075195,14.817991256713867,14.858696937561035,14.846044540405273,12.354935646057129,12.362446784973145,12.616856575012207,12.537779808044434
0,9.558024168014526,0.0,0.0,0.0028844380285590887,4,1,0.0,0.0,29.626220703125,14.816787719726562,14.817989349365234,14.858686447143555,14.846036911010742,12.354924201965332,12.362435340881348,12.616793632507324,12.537734031677246
0,9.5759117603302,0.0,0.0,0.0022357667330652475,4,1,0.0,0.0,29.626220703125,14.81678581237793,14.817988395690918,14.858678817749023,14.846031188964844,12.354914665222168,12.362425804138184,12.616741180419922,12.53769588470459
0,9.599764108657837,0.0,0.0,0.003663417184725404,4,0,0.0,0.0,29.626220703125,14.816783905029297,14.817985534667969,14.858665466308594,14.84602165222168,12.354899406433105,12.362410545349121,12.616657257080078,12.53763484954834
0,9.618163824081421,0.0,0.0,0.002809323137626052,4,1,0.0,0.0,29.626220703125,14.816781997680664,14.817983627319336,14.858654022216797,14.846013069152832,12.354886054992676,12.362397193908691,12.616583824157715,12.537581443786621
0,9.638526916503906,0.0,0.0,0.0015037324046716094,4,1,0.0,0.0,29.626220703125,14.816780090332031,14.817981719970703,14.858643531799316,14.8460054397583,12.354874610900879,12.362385749816895,12.616520881652832,12.537535667419434
0,9.656302213668823,0.0,0.0,0.0018511326052248478,4,0,0.0,0.0,29.626220703125,14.816778182983398,14.81797981262207,14.858633041381836,14.845998764038086,12.354863166809082,12.362374305725098,12.61645793914795,12.537489891052246
0,9.674315690994263,0.0,0.0,0.0021894965320825577,4,0,0.0,0.0,29.626220703125,14.816776275634766,14.817977905273438,14.858623504638672,14.845991134643555,12.354851722717285,12.3623628616333,12.616394996643066,12.537444114685059
0,9.691834211349487,0.0,0.0,0.0033561133313924074,4,1,0.0,0.0,29.626220703125,14.816774368286133,14.817975997924805,14.858613014221191,14.845983505249023,12.354840278625488,12.362351417541504,12.616332054138184,12.537398338317871
0,9.709298610687256,0.0,0.0,0.002882130676880479,4,1,0.0,0.0,29.626220703125,14.8167724609375,14.817974090576172,14.858602523803711,14.845975875854492,12.354828834533691,12.362339973449707,12.6162691116333,12.537352561950684
0,9.72701382637024,0.0,0.0,0.0018623339710757136,4,0,0.0,0.0,29.626220703125,14.816770553588867,14.817972183227539,14.858592987060547,14.845969200134277,12.354817390441895,12.36232852935791,12.616206169128418,12.537306785583496
0,9.744282007217407,0.0,0.0,0.001051410217769444,4,0,0.0,0.0,29.626220703125,14.816768646240234,14.817970275878906,14.858583450317383,14.845961570739746,12.354805946350098,12.362317085266113,12.616143226623535,12.537261009216309
0,9.761961698532104,0.0,0.0,0.0008409642614424229,4,0,0.0,0.0,29.626220703125,14.816766738891602,14.817968368530273,14.858572959899902,14.845954895019531,12.3547945022583,12.362305641174316,12.616080284118652,12.537215232849121
0,9.779781579971313,0.0,0.0,0.002350528258830309,4,1,0.0,0.0,29.626220703125,14.816765785217285,14.817967414855957,14.858564376831055,14.845948219299316,12.354784965515137,12.362296104431152,12.61602783203125,12.537177085876465
0,9.79749846458435,0.0,0.0,0.0034180469810962677,4,0,0.0,0.0,29.626220703125,14.816763877868652,14.817965507507324,14.85855484008789,14.845941543579102,12.35477352142334,12.362284660339355,12.615964889526367,12.537131309509277
0,9.819717645645142,0.0,0.0,0.0033035073429346085,4,0,0.0,0.0,29.626220703125,14.816761016845703,14.817962646484375,14.858541488647461,14.845931053161621,12.354758262634277,12.362269401550293,12.615880966186523,12.537070274353027
0,9.838860273361206,0.0,0.0,0.003182756481692195,4,1,0.0,0.0,29.626220703125,14.81675910949707,14.817960739135742,14.85853099822998,14.845924377441406,12.35474681854248,12.362257957458496,12.61581802368164,12.53702449798584
0,9.85745096206665,0.0,0.0,0.0016983902314677835,4,1,0.0,0.0,29.626220703125,14.816757202148438,14.817959785461426,14.8585205078125,14.845916748046875,12.354735374450684,12.3622465133667,12.615755081176758,12.536978721618652
0,9.874940395355225,0.0,0.0,0.002850930206477642,4,0,0.0,0.0,29.626220703125,14.816755294799805,14.817957878112793,14.858510971069336,14.845909118652344,12.354723930358887,12.362235069274902,12.615692138671875,12.536932945251465
0,9.894257068634033,0.0,0.0,0.002348609734326601,4,0,0.0,0.0,29.626220703125,14.816753387451172,14.817955017089844,14.858499526977539,14.845900535583496,12.354710578918457,12.362221717834473,12.615618705749512,12.536879539489746
0,9.91161847114563,0.0,0.0,0.0018902310403063893,4,0,0.0,0.0,29.626220703125,14.816752433776855,14.817954063415527,14.858490943908691,14.845894813537598,12.354701042175293,12.362212181091309,12.61556625366211,12.53684139251709
0,9.930917024612427,0.0,0.0,0.0013112733140587807,4,0,0.0,0.0,29.626220703125,14.816749572753906,14.817952156066895,14.858478546142578,14.84588623046875,12.354687690734863,12.362198829650879,12.615492820739746,12.536787986755371
0,9.94966745376587,0.0,0.0,0.0011297623859718442,4,0,0.0,0.0,29.626220703125,14.816747665405273,14.817950248718262,14.858469009399414,14.845878601074219,12.354676246643066,12.362187385559082,12.615429878234863,12.536742210388184
0,9.967126369476318,0.0,0.0,0.0022994771134108305,4,0,0.0,0.0,29.626220703125,14.816746711730957,14.817948341369629,14.858458518981934,14.845870971679688,12.35466480255127,12.362175941467285,12.61536693572998,12.536696434020996
0,9.986477136611938,0.0,0.0,0.0021784158889204264,4,0,0.0,0.0,29.626220703125,14.816744804382324,14.817946434020996,14.85844898223877,14.845865249633789,12.354653358459473,12.362164497375488,12.615303993225098,12.536656379699707
0,10.005411148071289,0.0,0.0,0.00024398417735937983,4,1,0.0,0.0,29.626220703125,14.816741943359375,14.817944526672363,14.858436584472656,14.845857620239258,12.354640007019043,12.362151145935059,12.615230560302734,12.536609649658203
0,10.024226665496826,0.0,0.0,0.002019198378548026,4,0,0.0,0.0,29.626220703125,14.816740036010742,14.81794261932373,14.858427047729492,14.845850944519043,12.354628562927246,12.362139701843262,12.615167617797852,12.536569595336914
0,10.042953729629517,0.0,0.0,0.0016851803520694375,4,0,0.0,0.0,29.626220703125,14.816739082336426,14.817940711975098,14.858416557312012,14.845844268798828,12.35461711883545,12.362128257751465,12.615104675292969,12.536529541015625
0,10.065548181533813,0.0,0.0,0.0016995554324239492,4,1,0.0,0.0,29.626220703125,14.816736221313477,14.817937850952148,14.858403205871582,14.845836639404297,12.354601860046387,12.362112998962402,12.615020751953125,12.536476135253906
0,10.083264589309692,0.0,0.0,0.001940927468240261,4,0,0.0,0.0,29.626220703125,14.816734313964844,14.817935943603516,14.858392715454102,14.845829963684082,12.35459041595459,12.362101554870605,12.614957809448242,12.536436080932617
0,10.100849151611328,0.0,0.0,0.0013507887488231063,4,0,0.0,0.0,29.626220703125,14.816732406616211,14.817934036254883,14.858383178710938,14.845823287963867,12.354578971862793,12.362090110778809,12.61489486694336,12.536396026611328
0,10.118883848190308,0.0,0.0,0.0011858707293868065,4,0,0.0,0.0,29.626220703125,14.816731452941895,14.817933082580566,14.85837459564209,14.845817565917969,12.354569435119629,12.362080574035645,12.614842414855957,12.536362648010254
0,10.136499643325806,0.0,0.0,0.0015371108893305063,4,1,0.0,0.0,29.626220703125,14.816729545593262,14.817931175231934,14.858365058898926,14.84581184387207,12.354557991027832,12.362069129943848,12.614779472351074,12.536322593688965
0,10.156356573104858,0.0,0.0,0.00015005054592620581,4,0,0.0,0.0,29.626220703125,14.816726684570312,14.8179292678833,14.858352661132812,14.845804214477539,12.354544639587402,12.362055778503418,12.614706039428711,12.536275863647461
0,10.175515174865723,0.0,0.0,0.0007278638076968491,4,0,0.0,0.0,29.626220703125,14.81672477722168,14.817927360534668,14.858343124389648,14.845797538757324,12.354533195495605,12.362044334411621,12.614643096923828,12.536235809326172
0,10.19347333908081,0.0,0.0,0.0013129909057170153,4,1,0.0,0.0,29.626220703125,14.816723823547363,14.817925453186035,14.858332633972168,14.84579086303711,12.354521751403809,12.362032890319824,12.614580154418945,12.536195755004883
0,10.211140871047974,0.0,0.0,0.0002235181600553915,4,1,0.0,0.0,29.626220703125,14.81672191619873,14.817923545837402,14.858323097229004,14.845785140991211,12.354510307312012,12.362021446228027,12.614517211914062,12.536155700683594
0,10.228768110275269,0.0,0.0,0.0032202519942075014,4,0,0.0,0.0,29.626220703125,14.816720008850098,14.81792163848877,14.858312606811523,14.845778465270996,12.354498863220215,12.36201000213623,12.61445426940918,12.536115646362305
0,10.246410846710205,0.0,0.0,0.0022412838879972696,4,0,0.0,0.0,29.626220703125,14.816718101501465,14.817919731140137,14.85830307006836,14.845771789550781,12.354487419128418,12.361998558044434,12.614391326904297,12.536075592041016
0,10.264180660247803,0.0,0.0,0.0015292598400264978,4,1,0.0,0.0,29.626220703125,14.816716194152832,14.817917823791504,14.858292579650879,14.845766067504883,12.354475975036621,12.361987113952637,12.614328384399414,12.536035537719727
0,10.282782554626465,0.0,0.0,0.002523127244785428,4,0,0.0,0.0,29.626220703125,14.8167142868042,14.817915916442871,14.858282089233398,14.845759391784668,12.354464530944824,12.36197566986084,12.614265441894531,12.535995483398438
0,10.300597190856934,0.0,0.0,0.0018999100429937243,4,0,0.0,0.0,29.626220703125,14.816712379455566,14.817914009094238,14.858272552490234,14.845752716064453,12.354453086853027,12.361964225769043,12.614202499389648,12.535955429077148
0,10.318472623825073,0.0,0.0,0.0017818176420405507,4,0,0.0,0.0,29.626220703125,14.816710472106934,14.817913055419922,14.858262062072754,14.845746994018555,12.35444164276123,12.361952781677246,12.614139556884766,12.53591537475586
0,10.33687973022461,0.0,0.0,0.002831107471138239,4,1,0.0,0.0,29.626220703125,14.8167085647583,14.817911148071289,14.85825252532959,14.84574031829834,12.354430198669434,12.36194133758545,12.614076614379883,12.53587532043457
0,10.35774564743042,0.0,0.0,0.0017077018273994327,4,0,0.0,0.0,29.626220703125,14.816706657409668,14.81790828704834,14.858240127563477,14.845732688903809,12.354416847229004,12.36192798614502,12.61400318145752,12.535828590393066
0,10.376796245574951,0.0,0.0,0.0015773604391142726,4,0,0.0,0.0,29.626220703125,14.816704750061035,14.817906379699707,14.858230590820312,14.845726013183594,12.354405403137207,12.361916542053223,12.613940238952637,12.535788536071777
0,10.394142389297485,0.0,0.0,0.00102179404348135,4,0,0.0,0.0,29.626220703125,14.816702842712402,14.81790542602539,14.858220100402832,14.845720291137695,12.35439395904541,12.361905097961426,12.613877296447754,12.535748481750488
0,10.413148641586304,0.0,0.0,0.0015133295673877,4,1,0.0,0.0,29.626220703125,14.81670093536377,14.817902565002441,14.858208656311035,14.845712661743164,12.35438060760498,12.361891746520996,12.61380386352539,12.535701751708984
0,10.432316064834595,0.0,0.0,0.003624953096732497,4,0,0.0,0.0,29.626220703125,14.816699028015137,14.817900657653809,14.858198165893555,14.84570598602295,12.354369163513184,12.3618803024292,12.613740921020508,12.535661697387695
0,10.450381755828857,0.0,0.0,0.002350457478314638,4,0,0.0,0.0,29.626220703125,14.816697120666504,14.817898750305176,14.85818862915039,14.845699310302734,12.354357719421387,12.361868858337402,12.613677978515625,12.535621643066406
0,10.468278884887695,0.0,0.0,0.00039539055433124304,4,0,0.0,0.0,29.626220703125,14.816695213317871,14.81789779663086,14.85817813873291,14.845693588256836,12.35434627532959,12.361857414245605,12.613615036010742,12.535581588745117
0,10.485422849655151,0.0,0.0,0.002195501932874322,4,0,0.0,0.0,29.626220703125,14.816693305969238,14.817895889282227,14.858168601989746,14.845686912536621,12.354334831237793,12.361845970153809,12.61355209350586,12.535541534423828
0,10.503013849258423,0.0,0.0,0.0005705024814233184,4,1,0.0,0.0,29.626220703125,14.816692352294922,14.817893981933594,14.858158111572266,14.845680236816406,12.354323387145996,12.361834526062012,12.613489151000977,12.535501480102539
0,10.520385980606079,0.0,0.0,0.0018845106242224574,4,0,0.0,0.0,29.626220703125,14.816690444946289,14.817892074584961,14.858150482177734,14.845674514770508,12.354313850402832,12.361824989318848,12.613436698913574,12.535468101501465
0,10.538411855697632,0.0,0.0,0.002197108929976821,4,0,0.0,0.0,29.626220703125,14.816688537597656,14.817890167236328,14.858139991760254,14.84566879272461,12.354302406311035,12.36181354522705,12.613373756408691,12.535428047180176
0,10.556074857711792,0.0,0.0,0.0016662545967847109,4,1,0.0,0.0,29.626220703125,14.816686630249023,14.817888259887695,14.858129501342773,14.845662117004395,12.354290962219238,12.361802101135254,12.613310813903809,12.535387992858887
0,10.574470043182373,0.0,0.0,0.0012556968722492456,4,1,0.0,0.0,29.626220703125,14.81668472290039,14.817886352539062,14.85811996459961,14.84565544128418,12.354279518127441,12.361790657043457,12.613247871398926,12.535347938537598
0,10.592270851135254,0.0,0.0,0.001638009212911129,4,0,0.0,0.0,29.626220703125,14.816682815551758,14.81788444519043,14.858109474182129,14.845649719238281,12.354268074035645,12.36177921295166,12.613184928894043,12.535307884216309
0,10.610408782958984,0.0,0.0,0.0015244033420458436,4,0,0.0,0.0,29.626220703125,14.816680908203125,14.817882537841797,14.858098983764648,14.845643043518066,12.354256629943848,12.361767768859863,12.61312198638916,12.53526782989502
0,10.62903642654419,0.0,0.0,0.0017763859359547496,4,1,0.0,0.0,29.626220703125,14.816679000854492,14.817880630493164,14.858087539672852,14.845635414123535,12.354243278503418,12.361754417419434,12.613048553466797,12.535221099853516
0,10.64706563949585,0.0,0.0,0.0015512104146182537,4,0,0.0,0.0,29.626220703125,14.81667709350586,14.817878723144531,14.858078002929688,14.84562873840332,12.354231834411621,12.361742973327637,12.612985610961914,12.535181045532227
0,10.664452314376831,0.0,0.0,0.0017228656215593219,4,0,0.0,0.0,29.626220703125,14.816675186157227,14.817876815795898,14.85806941986084,14.845623970031738,12.354222297668457,12.361733436584473,12.612933158874512,12.535147666931152
0,10.681938171386719,0.0,0.0,0.0004053736920468509,4,1,0.0,0.0,29.626220703125,14.816673278808594,14.817875862121582,14.85805892944336,14.845617294311523,12.35421085357666,12.361721992492676,12.612870216369629,12.535107612609863
0,10.701390743255615,0.0,0.0,0.00152903504204005,4,1,0.0,0.0,29.626220703125,14.816671371459961,14.817873001098633,14.858047485351562,14.845609664916992,12.35419750213623,12.361708641052246,12.612796783447266,12.53506088256836
0,10.718905687332153,0.0,0.0,0.0003045344492420554,4,0,0.0,0.0,29.626220703125,14.816669464111328,14.81787109375,14.858037948608398,14.845603942871094,12.354186058044434,12.36169719696045,12.612733840942383,12.53502082824707
0,10.736489534378052,0.0,0.0,0.0002897069207392633,4,0,0.0,0.0,29.626220703125,14.816668510437012,14.817870140075684,14.85802936553955,14.845598220825195,12.35417652130127,12.361687660217285,12.61268138885498,12.534987449645996
0,10.756386995315552,0.0,0.0,0.001067625475116074,4,1,0.0,0.0,29.626220703125,14.816665649414062,14.81786823272705,14.858016967773438,14.845590591430664,12.35416316986084,12.361674308776855,12.612607955932617,12.534940719604492
0,10.774197101593018,0.0,0.0,0.002829016651958227,4,0,0.0,0.0,29.626220703125,14.81666374206543,14.817866325378418,14.858007431030273,14.84558391571045,12.354151725769043,12.361662864685059,12.612545013427734,12.534900665283203
0,10.792126417160034,0.0,0.0,0.002761668525636196,4,0,0.0,0.0,29.626220703125,14.816662788391113,14.817864418029785,14.857996940612793,14.845577239990234,12.354140281677246,12.361651420593262,12.612482070922852,12.534860610961914
0,10.815108060836792,0.0,0.0,0.0010157435899600387,4,1,0.0,0.0,29.626220703125,14.816659927368164,14.817861557006836,14.857983589172363,14.845569610595703,12.354125022888184,12.3616361618042,12.612398147583008,12.534807205200195
0,10.840117931365967,0.0,0.0,0.0025005380157381296,4,0,0.0,0.0,29.626220703125,14.816658020019531,14.817859649658203,14.857970237731934,14.845560073852539,12.354109764099121,12.361620903015137,12.612314224243164,12.534753799438477
0,10.857734441757202,0.0,0.0,0.000981220742687583,4,0,0.0,0.0,29.626220703125,14.816656112670898,14.81785774230957,14.857959747314453,14.84555435180664,12.354098320007324,12.36160945892334,12.612251281738281,12.534713745117188
0,10.875362873077393,0.0,0.0,0.0006087134825065732,4,1,0.0,0.0,29.626220703125,14.816654205322266,14.817855834960938,14.857950210571289,14.845547676086426,12.354086875915527,12.361598014831543,12.612188339233398,12.534673690795898
0,10.893242597579956,0.0,0.0,0.0016339316498488188,4,1,0.0,0.0,29.626220703125,14.816652297973633,14.817853927612305,14.857940673828125,14.845541000366211,12.35407543182373,12.361586570739746,12.612125396728516,12.53463363647461
0,10.916486263275146,0.0,0.0,0.0014047619188204408,4,0,0.0,0.0,29.626220703125,14.816650390625,14.817852020263672,14.857928276062012,14.84553337097168,12.3540620803833,12.361573219299316,12.612051963806152,12.534586906433105
0,10.934509515762329,0.0,0.0,0.0001723376481095329,4,0,0.0,0.0,29.626220703125,14.816648483276367,14.817850112915039,14.857917785644531,14.845527648925781,12.354050636291504,12.36156177520752,12.61198902130127,12.534546852111816
0,10.95209527015686,0.0,0.0,0.0006424677558243275,4,1,0.0,0.0,29.626220703125,14.816646575927734,14.817848205566406,14.857908248901367,14.845520973205566,12.354039192199707,12.361550331115723,12.611926078796387,12.534506797790527
0,10.970096826553345,0.0,0.0,0.0014855798799544573,4,0,0.0,0.0,29.626220703125,14.816644668579102,14.817846298217773,14.857898712158203,14.845514297485352,12.35402774810791,12.361538887023926,12.611863136291504,12.534466743469238
0,10.988224267959595,0.0,0.0,0.002283486071974039,4,0,0.0,0.0,29.626220703125,14.816642761230469,14.81784439086914,14.857888221740723,14.845508575439453,12.354016304016113,12.361527442932129,12.611800193786621,12.53442668914795
0,11.005916595458984,0.0,0.0,0.00043543969513848424,4,0,0.0,0.0,29.626220703125,14.816640853881836,14.817842483520508,14.857877731323242,14.845501899719238,12.354004859924316,12.361515998840332,12.611737251281738,12.53438663482666
0,11.024103164672852,0.0,0.0,0.003479746403172612,4,0,0.0,0.0,29.626220703125,14.816638946533203,14.817840576171875,14.857868194580078,14.845495223999023,12.35399341583252,12.361504554748535,12.611674308776855,12.534346580505371
0,11.041344165802002,0.0,0.0,0.00287228194065392,4,0,0.0,0.0,29.626220703125,14.81663703918457,14.817838668823242,14.857857704162598,14.845489501953125,12.353981971740723,12.361493110656738,12.611611366271973,12.534306526184082
0,11.058448791503906,0.0,0.0,0.0008439780795015395,4,1,0.0,0.0,29.626220703125,14.816635131835938,14.81783676147461,14.857847213745117,14.84548282623291,12.353970527648926,12.361481666564941,12.61154842376709,12.534266471862793
0,11.075919151306152,0.0,0.0,0.0006553361308760941,4,1,0.0,0.0,29.626220703125,14.816633224487305,14.817835807800293,14.857839584350586,14.845477104187012,12.353960990905762,12.361472129821777,12.611495971679688,12.534233093261719
0,11.093438148498535,0.0,0.0,0.0010201026452705264,4,0,0.0,0.0,29.626220703125,14.816631317138672,14.817832946777344,14.857828140258789,14.845470428466797,12.353947639465332,12.361458778381348,12.611422538757324,12.534186363220215
0,11.112471103668213,0.0,0.0,0.002366140950471163,4,0,0.0,0.0,29.626220703125,14.816629409790039,14.817831039428711,14.857817649841309,14.845463752746582,12.353936195373535,12.36144733428955,12.611359596252441,12.534146308898926
0,11.130423307418823,0.0,0.0,0.0018450944917276502,4,1,0.0,0.0,29.626220703125,14.816627502441406,14.817830085754395,14.857807159423828,14.845457077026367,12.353924751281738,12.361435890197754,12.611296653747559,12.534106254577637
0,11.148380517959595,0.0,0.0,0.002906170440837741,4,0,0.0,0.0,29.626220703125,14.816625595092773,14.817828178405762,14.857797622680664,14.845450401306152,12.353913307189941,12.361424446105957,12.611233711242676,12.534066200256348
0,11.167329549789429,0.0,0.0,0.001421081949956715,4,0,0.0,0.0,29.626220703125,14.816624641418457,14.817826271057129,14.857787132263184,14.845443725585938,12.353901863098145,12.36141300201416,12.611170768737793,12.534026145935059
0,11.187833786010742,0.0,0.0,0.00019880285253748298,4,1,0.0,0.0,29.626220703125,14.816621780395508,14.81782341003418,14.857775688171387,14.845437049865723,12.353888511657715,12.36139965057373,12.61109733581543,12.533979415893555
0,11.205794095993042,0.0,0.0,0.003042034339159727,4,0,0.0,0.0,29.626220703125,14.816619873046875,14.817822456359863,14.857765197753906,14.845430374145508,12.353877067565918,12.361388206481934,12.611034393310547,12.533939361572266
0,11.226536273956299,0.0,0.0,0.0021685506217181683,4,0,0.0,0.0,29.626220703125,14.816617965698242,14.817819595336914,14.85775375366211,14.845422744750977,12.353863716125488,12.361374855041504,12.610960960388184,12.533892631530762
0,11.244566202163696,0.0,0.0,0.001436735619790852,4,1,0.0,0.0,29.626220703125,14.81661605834961,14.817817687988281,14.857744216918945,14.845417022705078,12.353852272033691,12.361363410949707,12.6108980178833,12.533852577209473
0,11.26314663887024,0.0,0.0,0.0009769670432433486,4,0,0.0,0.0,29.626220703125,14.816614151000977,14.817815780639648,14.857733726501465,14.845410346984863,12.353840827941895,12.36135196685791,12.610835075378418,12.533812522888184
0,11.281858444213867,0.0,0.0,0.0030922521837055683,4,0,0.0,0.0,29.626220703125,14.816612243652344,14.817814826965332,14.857723236083984,14.845403671264648,12.353829383850098,12.361340522766113,12.610772132873535,12.533772468566895
0,11.300326824188232,0.0,0.0,0.0010714924428611994,4,0,0.0,0.0,29.626220703125,14.816610336303711,14.817811965942383,14.85771369934082,14.845396995544434,12.3538179397583,12.361328125,12.610709190368652,12.533732414245605
0,11.320789813995361,0.0,0.0,0.0021704051177948713,4,1,0.0,0.0,29.626220703125,14.816608428955078,14.81781005859375,14.857702255249023,14.845390319824219,12.353804588317871,12.36131477355957,12.610635757446289,12.533685684204102
0,11.338200569152832,0.0,0.0,0.003984426148235798,4,0,0.0,0.0,29.626220703125,14.816606521606445,14.817808151245117,14.857691764831543,14.845383644104004,12.353793144226074,12.361303329467773,12.610572814941406,12.533645629882812
0,11.35819935798645,0.0,0.0,0.000794412917457521,4,0,0.0,0.0,29.626220703125,14.816604614257812,14.817806243896484,14.85767936706543,14.845376014709473,12.353779792785645,12.361289978027344,12.610499382019043,12.533598899841309
0,11.376604557037354,0.0,0.0,0.00255190278403461,4,1,0.0,0.0,29.626220703125,14.81660270690918,14.817804336547852,14.857669830322266,14.845369338989258,12.353768348693848,12.361279487609863,12.61043643951416,12.53355884552002
0,11.394439220428467,0.0,0.0,0.0012777203228324652,4,0,0.0,0.0,29.626220703125,14.816600799560547,14.817802429199219,14.857660293579102,14.84536361694336,12.35375690460205,12.361268043518066,12.610373497009277,12.53351879119873
0,11.411943435668945,0.0,0.0,0.0005207208450883627,4,0,0.0,0.0,29.626220703125,14.81659984588623,14.817801475524902,14.857651710510254,14.845357894897461,12.353747367858887,12.361258506774902,12.610321044921875,12.533485412597656
0,11.431973934173584,0.0,0.0,0.0020047335419803858,4,1,0.0,0.0,29.626220703125,14.816596984863281,14.81779956817627,14.85763931274414,14.84535026550293,12.353734016418457,12.361245155334473,12.610247611999512,12.533438682556152
0,11.449411153793335,0.0,0.0,0.0009271642775274813,4,1,0.0,0.0,29.626220703125,14.816595077514648,14.817797660827637,14.857629776000977,14.845343589782715,12.35372257232666,12.361233711242676,12.610184669494629,12.533398628234863
0,11.470364570617676,0.0,0.0,0.0018912458326667547,4,0,0.0,0.0,29.626220703125,14.816593170166016,14.817794799804688,14.85761833190918,14.8453369140625,12.35370922088623,12.361220359802246,12.610111236572266,12.53335189819336
0,11.489309787750244,0.0,0.0,0.0011012251488864422,4,1,0.0,0.0,29.626220703125,14.816591262817383,14.817792892456055,14.8576078414917,14.845330238342285,12.353697776794434,12.36120891571045,12.610048294067383,12.53331184387207
0,11.513389110565186,0.0,0.0,0.0031416190322488546,4,0,0.0,0.0,29.626220703125,14.81658935546875,14.817790985107422,14.85759449005127,14.845321655273438,12.353682518005371,12.361193656921387,12.609964370727539,12.533258438110352
0,11.531952619552612,0.0,0.0,0.0024600811302661896,4,0,0.0,0.0,29.626220703125,14.816587448120117,14.817789077758789,14.857582092285156,14.845314025878906,12.353669166564941,12.361180305480957,12.609890937805176,12.533211708068848
0,11.549920558929443,0.0,0.0,0.0025037857703864574,4,1,0.0,0.0,29.626220703125,14.816585540771484,14.817787170410156,14.857572555541992,14.845307350158691,12.353657722473145,12.36116886138916,12.609827995300293,12.533171653747559
0,11.56742000579834,0.0,0.0,0.004949820693582296,4,0,0.0,0.0,29.626220703125,14.816583633422852,14.817785263061523,14.857563972473145,14.84530258178711,12.35364818572998,12.361159324645996,12.60977554321289,12.533138275146484
0,11.58682107925415,0.0,0.0,0.002340152394026518,4,0,0.0,0.0,29.626220703125,14.816581726074219,14.81778335571289,14.857552528381348,14.845294952392578,12.35363483428955,12.361145973205566,12.609702110290527,12.53309154510498
0,11.606655597686768,0.0,0.0,0.0046441988088190556,4,0,0.0,0.0,29.626220703125,14.816579818725586,14.817781448364258,14.857542037963867,14.845288276672363,12.353623390197754,12.36113452911377,12.609639167785645,12.533051490783691
0,11.624560594558716,0.0,0.0,0.002431121887639165,4,0,0.0,0.0,29.626220703125,14.816577911376953,14.817779541015625,14.857532501220703,14.845281600952148,12.353611946105957,12.361123085021973,12.609576225280762,12.533011436462402
0,11.643102407455444,0.0,0.0,0.0032673287205398083,4,0,0.0,0.0,29.626220703125,14.81657600402832,14.817777633666992,14.857521057128906,14.845273971557617,12.353598594665527,12.361109733581543,12.609502792358398,12.532964706420898
0,11.660916566848755,0.0,0.0,0.002757598180323839,4,1,0.0,0.0,29.626220703125,14.816574096679688,14.81777572631836,14.857511520385742,14.845268249511719,12.35358715057373,12.361098289489746,12.609445571899414,12.53292465209961
0,11.68091893196106,0.0,0.0,0.0008247436489909887,4,0,0.0,0.0,29.626220703125,14.816572189331055,14.817773818969727,14.857501983642578,14.845261573791504,12.353575706481934,12.36108684539795,12.60938835144043,12.53288459777832
0,11.700916290283203,0.0,0.0,0.003652784274891019,4,0,0.0,0.0,29.626220703125,14.816570281982422,14.817771911621094,14.857491493225098,14.845253944396973,12.353562355041504,12.36107349395752,12.609321594238281,12.532837867736816
0,11.720571041107178,0.0,0.0,0.0017566842725500464,4,0,0.0,0.0,29.626220703125,14.816568374633789,14.817770004272461,14.85748291015625,14.845247268676758,12.353550910949707,12.361062049865723,12.609264373779297,12.532797813415527
0,11.737980127334595,0.0,0.0,0.0032286292407661676,4,1,0.0,0.0,29.626220703125,14.816566467285156,14.817768096923828,14.857473373413086,14.84524154663086,12.35353946685791,12.361050605773926,12.609207153320312,12.532757759094238
0,11.756433725357056,0.0,0.0,0.0013025697553530335,4,0,0.0,0.0,29.626220703125,14.816564559936523,14.817766189575195,14.857463836669922,14.845234870910645,12.353528022766113,12.361039161682129,12.609149932861328,12.53271770477295
0,11.77490782737732,0.0,0.0,0.0015161950141191483,4,0,0.0,0.0,29.626220703125,14.81656265258789,14.817764282226562,14.857453346252441,14.845227241516113,12.353514671325684,12.3610258102417,12.60908317565918,12.532670974731445
0,11.792437076568604,0.0,0.0,0.0019432471599429846,4,1,0.0,0.0,29.626220703125,14.816560745239258,14.81776237487793,14.85744571685791,14.845222473144531,12.35350513458252,12.361016273498535,12.60903549194336,12.532637596130371
0,11.809799909591675,0.0,0.0,0.0008436455391347408,4,1,0.0,0.0,29.626220703125,14.816558837890625,14.817760467529297,14.857437133789062,14.845215797424316,12.353493690490723,12.361004829406738,12.608978271484375,12.532597541809082
0,11.82772445678711,0.0,0.0,0.0012540147872641683,4,0,0.0,0.0,29.626220703125,14.816556930541992,14.817758560180664,14.857427597045898,14.845209121704102,12.353482246398926,12.360993385314941,12.60892105102539,12.532557487487793
0,11.850352764129639,0.0,0.0,0.00041088476427830756,4,0,0.0,0.0,29.626220703125,14.81655502319336,14.817756652832031,14.857415199279785,14.845200538635254,12.353466987609863,12.360978126525879,12.608844757080078,12.532504081726074
0,11.86825156211853,0.0,0.0,0.00026059779338538647,4,1,0.0,0.0,29.626220703125,14.816553115844727,14.817754745483398,14.857406616210938,14.845193862915039,12.353455543518066,12.360966682434082,12.608787536621094,12.532464027404785
0,11.8872389793396,0.0,0.0,0.002288783434778452,4,1,0.0,0.0,29.626220703125,14.816551208496094,14.817752838134766,14.857397079467773,14.84518814086914,12.35344409942627,12.360955238342285,12.60873031616211,12.532423973083496
0,11.904589414596558,0.0,0.0,0.00039664219366386533,4,0,0.0,0.0,29.626220703125,14.816549301147461,14.817750930786133,14.85738754272461,14.845181465148926,12.353432655334473,12.360943794250488,12.608673095703125,12.532383918762207
0,11.92302656173706,0.0,0.0,0.0014908022712916136,4,0,0.0,0.0,29.626220703125,14.816547393798828,14.8177490234375,14.857378005981445,14.845174789428711,12.353421211242676,12.360932350158691,12.60861587524414,12.532343864440918
0,11.944681406021118,0.0,0.0,0.002029001247137785,4,1,0.0,0.0,29.626220703125,14.816545486450195,14.817747116088867,14.857368469238281,14.84516716003418,12.353407859802246,12.360918998718262,12.608549118041992,12.532297134399414
0,11.962072372436523,0.0,0.0,0.0024779723025858402,4,0,0.0,0.0,29.626220703125,14.816543579101562,14.817745208740234,14.857358932495117,14.845161437988281,12.35339641571045,12.360907554626465,12.608491897583008,12.532257080078125
0,11.980542421340942,0.0,0.0,0.00258558988571167,4,0,0.0,0.0,29.626220703125,14.81654167175293,14.817743301391602,14.857349395751953,14.845154762268066,12.353384971618652,12.360896110534668,12.608434677124023,12.532217025756836
0,11.998987197875977,0.0,0.0,0.001309853745624423,4,1,0.0,0.0,29.626220703125,14.816539764404297,14.817741394042969,14.857340812683105,14.845148086547852,12.353373527526855,12.360884666442871,12.608378410339355,12.532176971435547
0,12.01633358001709,0.0,0.0,0.002222820185124874,4,1,0.0,0.0,29.626220703125,14.816537857055664,14.817739486694336,14.857333183288574,14.845142364501953,12.353362083435059,12.360873222351074,12.608331680297852,12.532136917114258
0,12.035389423370361,0.0,0.0,0.0014449858572334051,4,0,0.0,0.0,29.626220703125,14.816535949707031,14.817737579345703,14.857325553894043,14.845135688781738,12.353350639343262,12.360861778259277,12.608285903930664,12.532096862792969
0,12.054258584976196,0.0,0.0,0.0014450832968577743,4,0,0.0,0.0,29.626220703125,14.816534042358398,14.81773567199707,14.857316970825195,14.845128059387207,12.353337287902832,12.360848426818848,12.608232498168945,12.532050132751465
0,12.075813293457031,0.0,0.0,0.0012267210986465216,4,0,0.0,0.0,29.626220703125,14.816532135009766,14.817733764648438,14.857308387756348,14.845120429992676,12.353323936462402,12.360835075378418,12.608179092407227,12.532003402709961
0,12.093313455581665,0.0,0.0,0.003541549202054739,4,0,0.0,0.0,29.626220703125,14.816530227661133,14.817731857299805,14.857301712036133,14.845113754272461,12.353312492370605,12.360823631286621,12.608133316040039,12.531963348388672
0,12.111105918884277,0.0,0.0,0.0029030023142695427,4,0,0.0,0.0,29.626220703125,14.8165283203125,14.817729949951172,14.857295036315918,14.845108985900879,12.353302955627441,12.360814094543457,12.608095169067383,12.531929969787598
0,12.128576517105103,0.0,0.0,0.002972007030621171,4,1,0.0,0.0,29.626220703125,14.816526412963867,14.817728042602539,14.857288360595703,14.845102310180664,12.353291511535645,12.36080265045166,12.608049392700195,12.531889915466309
0,12.146113872528076,0.0,0.0,0.0016667299205437303,4,0,0.0,0.0,29.626220703125,14.816524505615234,14.817726135253906,14.857280731201172,14.845096588134766,12.353280067443848,12.360791206359863,12.608003616333008,12.53184986114502
0,12.167641162872314,0.0,0.0,0.0010097908088937402,4,0,0.0,0.0,29.626220703125,14.816522598266602,14.817724227905273,14.857272148132324,14.845088958740234,12.353266716003418,12.360777854919434,12.607950210571289,12.531803131103516
0,12.18660283088684,0.0,0.0,0.0021406400483101606,4,1,0.0,0.0,29.626220703125,14.816520690917969,14.81772232055664,14.857263565063477,14.845081329345703,12.353253364562988,12.360764503479004,12.60789680480957,12.531756401062012
0,12.20554232597351,0.0,0.0,0.002467542188242078,4,0,0.0,0.0,29.626220703125,14.816518783569336,14.817720413208008,14.857255935668945,14.845074653625488,12.353241920471191,12.360753059387207,12.607851028442383,12.531716346740723
0,12.225398540496826,0.0,0.0,0.002318684244528413,4,0,0.0,0.0,29.626220703125,14.816516876220703,14.817718505859375,14.857247352600098,14.845067024230957,12.353228569030762,12.360739707946777,12.607797622680664,12.531669616699219
0,12.243098974227905,0.0,0.0,0.0015398709801957011,4,1,0.0,0.0,29.626220703125,14.81651496887207,14.817716598510742,14.857240676879883,14.845060348510742,12.353217124938965,12.36072826385498,12.607751846313477,12.53162956237793
0,12.262197494506836,0.0,0.0,0.002345832297578454,4,0,0.0,0.0,29.626220703125,14.816513061523438,14.81771469116211,14.857233047485352,14.845054626464844,12.353205680847168,12.360716819763184,12.607706069946289,12.53158950805664
0,12.28130578994751,0.0,0.0,0.0032428463455289602,4,0,0.0,0.0,29.626220703125,14.816511154174805,14.817712783813477,14.85722541809082,14.845047950744629,12.353194236755371,12.360705375671387,12.607660293579102,12.531549453735352
0,12.298732995986938,0.0,0.0,0.001785213709808886,4,0,0.0,0.0,29.626220703125,14.816509246826172,14.817710876464844,14.857217788696289,14.845041275024414,12.353182792663574,12.36069393157959,12.607614517211914,12.531509399414062
0,12.317121982574463,0.0,0.0,0.0010598809458315372,4,1,0.0,0.0,29.626220703125,14.816507339477539,14.817708969116211,14.857211112976074,14.845035552978516,12.353171348571777,12.360682487487793,12.607568740844727,12.531469345092773
0,12.335561513900757,0.0,0.0,0.004721733275800943,4,0,0.0,0.0,29.626220703125,14.816505432128906,14.817707061767578,14.857203483581543,14.8450288772583,12.35315990447998,12.360671043395996,12.607522964477539,12.531429290771484
0,12.353205680847168,0.0,0.0,0.002597728045657277,4,0,0.0,0.0,29.626220703125,14.816503524780273,14.817705154418945,14.857196807861328,14.845022201538086,12.353148460388184,12.3606595993042,12.607477188110352,12.531389236450195
0,12.37228798866272,0.0,0.0,0.0020571451168507338,4,1,0.0,0.0,29.626220703125,14.81650161743164,14.817703247070312,14.857187271118164,14.845014572143555,12.353135108947754,12.36064624786377,12.607423782348633,12.531342506408691
0,12.391766548156738,0.0,0.0,0.0004949503345414996,4,0,0.0,0.0,29.626220703125,14.816499710083008,14.81770133972168,14.85718059539795,14.845008850097656,12.353123664855957,12.360634803771973,12.607378005981445,12.531302452087402
0,12.41008973121643,0.0,0.0,0.0005129495984874666,4,0,0.0,0.0,29.626220703125,14.816497802734375,14.817699432373047,14.857172966003418,14.845002174377441,12.35311222076416,12.360623359680176,12.607332229614258,12.531262397766113
0,12.427536249160767,0.0,0.0,0.0037342035211622715,4,0,0.0,0.0,29.626220703125,14.816495895385742,14.817697525024414,14.857166290283203,14.844995498657227,12.353100776672363,12.360611915588379,12.60728645324707,12.531222343444824
0,12.44507384300232,0.0,0.0,0.0010043844813480973,4,1,0.0,0.0,29.626220703125,14.81649398803711,14.817695617675781,14.857158660888672,14.844989776611328,12.353089332580566,12.360600471496582,12.607240676879883,12.531182289123535
0,12.463467121124268,0.0,0.0,0.0019268639152869582,4,0,0.0,0.0,29.626220703125,14.816492080688477,14.817693710327148,14.85715103149414,14.844983100891113,12.35307788848877,12.360589027404785,12.607194900512695,12.531142234802246
0,12.482101917266846,0.0,0.0,0.0020158954430371523,4,0,0.0,0.0,29.626220703125,14.816490173339844,14.817692756652832,14.85714340209961,14.844976425170898,12.353066444396973,12.360577583312988,12.607149124145508,12.531102180480957
0,12.500063419342041,0.0,0.0,0.0006582717760466039,4,0,0.0,0.0,29.626220703125,14.816488265991211,14.8176908493042,14.857136726379395,14.844969749450684,12.353055000305176,12.360566139221191,12.60710334777832,12.531062126159668
0,12.522568941116333,0.0,0.0,0.0021781285759061575,4,1,0.0,0.0,29.626220703125,14.816486358642578,14.81768798828125,14.857126235961914,14.844961166381836,12.353039741516113,12.360550880432129,12.60704231262207,12.53100872039795
0,12.540998220443726,0.0,0.0,0.0015311128227040172,4,0,0.0,0.0,29.626220703125,14.816484451293945,14.817686080932617,14.8571195602417,14.844955444335938,12.353028297424316,12.360539436340332,12.606996536254883,12.53096866607666
0,12.559338331222534,0.0,0.0,0.003613363718613982,4,1,0.0,0.0,29.626220703125,14.816482543945312,14.817684173583984,14.857110977172852,14.844948768615723,12.35301685333252,12.360527992248535,12.606945037841797,12.530928611755371
0,12.57699990272522,0.0,0.0,0.0033739989157766104,4,0,0.0,0.0,29.626220703125,14.81648063659668,14.817682266235352,14.85710334777832,14.844942092895508,12.353005409240723,12.360516548156738,12.606893539428711,12.530888557434082
0,12.595401525497437,0.0,0.0,0.0028464305214583874,4,0,0.0,0.0,29.626220703125,14.816478729248047,14.817680358886719,14.857094764709473,14.84493637084961,12.352993965148926,12.360505104064941,12.606842041015625,12.530848503112793
0,12.615384340286255,0.0,0.0,0.0008168025524355471,4,0,0.0,0.0,29.626220703125,14.816476821899414,14.817678451538086,14.857085227966309,14.844928741455078,12.352980613708496,12.360491752624512,12.606781959533691,12.530801773071289
0,12.633237600326538,0.0,0.0,0.00200825952924788,4,1,0.0,0.0,29.626220703125,14.816474914550781,14.817676544189453,14.857076644897461,14.844922065734863,12.3529691696167,12.360480308532715,12.606730461120605,12.53076171875
0,12.652287721633911,0.0,0.0,0.002556384541094303,4,0,0.0,0.0,29.626220703125,14.816473007202148,14.81767463684082,14.85706901550293,14.844915390014648,12.352957725524902,12.360468864440918,12.60667896270752,12.530721664428711
0,12.670213460922241,0.0,0.0,0.0021877146791666746,4,0,0.0,0.0,29.626220703125,14.816471099853516,14.817672729492188,14.857060432434082,14.84490966796875,12.352946281433105,12.360457420349121,12.606627464294434,12.530681610107422
0,12.687644720077515,0.0,0.0,0.0018248094711452723,4,0,0.0,0.0,29.626220703125,14.816469192504883,14.817670822143555,14.857051849365234,14.844902992248535,12.352934837341309,12.360445976257324,12.606575965881348,12.530641555786133
0,12.706692695617676,0.0,0.0,0.0013637547381222248,4,0,0.0,0.0,29.626220703125,14.81646728515625,14.817669868469238,14.857044219970703,14.84489631652832,12.352923393249512,12.360434532165527,12.606524467468262,12.530601501464844
0,12.727242231369019,0.0,0.0,0.002851460361853242,4,1,0.0,0.0,29.626220703125,14.816465377807617,14.817667007446289,14.857034683227539,14.844888687133789,12.352910041809082,12.360421180725098,12.606464385986328,12.53055477142334
0,12.744831323623657,0.0,0.0,0.0033477810211479664,4,0,0.0,0.0,29.626220703125,14.816463470458984,14.817665100097656,14.857026100158691,14.84488296508789,12.352898597717285,12.3604097366333,12.606412887573242,12.53051471710205
0,12.764167547225952,0.0,0.0,0.0025787644553929567,4,0,0.0,0.0,29.626220703125,14.816461563110352,14.817663192749023,14.857017517089844,14.844876289367676,12.352887153625488,12.360398292541504,12.606361389160156,12.530474662780762
0,12.782263040542603,0.0,0.0,0.002190847648307681,4,0,0.0,0.0,29.626220703125,14.816459655761719,14.817662239074707,14.857009887695312,14.844869613647461,12.352875709533691,12.360386848449707,12.60630989074707,12.530434608459473
0,12.799712181091309,0.0,0.0,0.0016624038107693195,4,1,0.0,0.0,29.626220703125,14.816457748413086,14.817660331726074,14.857001304626465,14.844862937927246,12.352864265441895,12.36037540435791,12.606258392333984,12.530394554138184
0,12.817141771316528,0.0,0.0,0.004427422769367695,4,0,0.0,0.0,29.626220703125,14.81645679473877,14.817658424377441,14.856992721557617,14.844856262207031,12.352852821350098,12.360363960266113,12.606206893920898,12.530354499816895
0,12.834887266159058,0.0,0.0,0.001325958757661283,4,0,0.0,0.0,29.626220703125,14.816454887390137,14.817656517028809,14.856985092163086,14.844850540161133,12.3528413772583,12.360352516174316,12.606155395507812,12.530314445495605
0,12.863011121749878,0.0,0.0,0.001070820726454258,4,0,0.0,0.0,29.626220703125,14.816452026367188,14.81765365600586,14.856971740722656,14.844841003417969,12.352824211120605,12.360335350036621,12.606072425842285,12.530254364013672
0,12.88199257850647,0.0,0.0,0.002781167160719633,4,0,0.0,0.0,29.626220703125,14.816450119018555,14.817651748657227,14.856961250305176,14.844833374023438,12.352810859680176,12.360321998596191,12.606005668640137,12.530207633972168
0,12.899861097335815,0.0,0.0,0.0017218035645782948,4,0,0.0,0.0,29.626220703125,14.816448211669922,14.817649841308594,14.856953620910645,14.844827651977539,12.352801322937012,12.360312461853027,12.605957984924316,12.530174255371094
0,12.918580532073975,0.0,0.0,0.002152617322281003,4,0,0.0,0.0,29.626220703125,14.816446304321289,14.817647933959961,14.856943130493164,14.844820022583008,12.352787971496582,12.360299110412598,12.605891227722168,12.53012752532959
0,12.936123132705688,0.0,0.0,0.0017136753303930163,4,0,0.0,0.0,29.626220703125,14.816444396972656,14.817646026611328,14.85693359375,14.84481430053711,12.352776527404785,12.3602876663208,12.605834007263184,12.5300874710083
0,12.954304218292236,0.0,0.0,0.0017206803895533085,4,1,0.0,0.0,29.626220703125,14.816442489624023,14.817644119262695,14.856924057006836,14.844807624816895,12.352765083312988,12.360276222229004,12.6057767868042,12.530047416687012
0,12.976881980895996,0.0,0.0,0.0007814023992978036,4,0,0.0,0.0,29.626220703125,14.81644058227539,14.817642211914062,14.856913566589355,14.844799995422363,12.352751731872559,12.360262870788574,12.60571002960205,12.530000686645508
0,12.99528980255127,0.0,0.0,0.0005428578588180244,4,0,0.0,0.0,29.626220703125,14.816438674926758,14.81764030456543,14.856904983520508,14.844793319702148,12.352740287780762,12.360251426696777,12.605652809143066,12.529960632324219
0,13.013168573379517,0.0,0.0,0.00013002127525396645,4,1,0.0,0.0,29.626220703125,14.816436767578125,14.817638397216797,14.856895446777344,14.84478759765625,12.352728843688965,12.36023998260498,12.605595588684082,12.52992057800293
0,13.031596422195435,0.0,0.0,0.0020932669285684824,4,1,0.0,0.0,29.626220703125,14.816434860229492,14.817636489868164,14.85688591003418,14.844780921936035,12.352717399597168,12.360228538513184,12.605538368225098,12.52988052368164
0,13.0500328540802,0.0,0.0,0.0026234749238938093,4,0,0.0,0.0,29.626220703125,14.81643295288086,14.817634582519531,14.8568754196167,14.844773292541504,12.352704048156738,12.360215187072754,12.60547161102295,12.529833793640137
0,13.06823205947876,0.0,0.0,0.00039891983033157885,4,0,0.0,0.0,29.626220703125,14.816431045532227,14.817632675170898,14.856866836547852,14.844767570495605,12.352692604064941,12.360203742980957,12.605414390563965,12.529796600341797
0,13.090917587280273,0.0,0.0,0.0011117622489109635,4,1,0.0,0.0,29.626220703125,14.816429138183594,14.817630767822266,14.856855392456055,14.84476089477539,12.352679252624512,12.360190391540527,12.605347633361816,12.529756546020508
0,13.108225107192993,0.0,0.0,0.0016868483508005738,4,1,0.0,0.0,29.626220703125,14.816427230834961,14.817628860473633,14.856846809387207,14.844755172729492,12.352667808532715,12.36017894744873,12.605290412902832,12.529722213745117
0,13.125515937805176,0.0,0.0,0.001008500694297254,4,0,0.0,0.0,29.626220703125,14.816425323486328,14.817626953125,14.856837272644043,14.84475040435791,12.352656364440918,12.360167503356934,12.605233192443848,12.529687881469727
0,13.237859725952148,0.0,0.0,0.002156926551833749,4,0,0.0,0.0,29.626220703125,14.816413879394531,14.817615509033203,14.856781005859375,14.84471607208252,12.352585792541504,12.36009693145752,12.604880332946777,12.529476165771484
0,13.256074905395508,0.0,0.0,0.0036781379021704197,4,0,0.0,0.0,29.626220703125,14.816411972045898,14.81761360168457,14.856771469116211,14.844711303710938,12.352574348449707,12.360085487365723,12.604823112487793,12.529441833496094
0,13.274063110351562,0.0,0.0,0.0031967852264642715,4,0,0.0,0.0,29.626220703125,14.816410064697266,14.817611694335938,14.856762886047363,14.844705581665039,12.35256290435791,12.360074043273926,12.604765892028809,12.529407501220703
0,13.291465997695923,0.0,0.0,0.0022590295411646366,4,0,0.0,0.0,29.626220703125,14.816408157348633,14.817609786987305,14.8567533493042,14.84469985961914,12.352551460266113,12.360062599182129,12.604708671569824,12.529373168945312
0,13.30931544303894,0.0,0.0,0.0023331022821366787,4,0,0.0,0.0,29.626220703125,14.81640625,14.817607879638672,14.856744766235352,14.844694137573242,12.352540016174316,12.360051155090332,12.60465145111084,12.529338836669922
0,13.328739166259766,0.0,0.0,0.0010053126607090235,4,0,0.0,0.0,29.626220703125,14.816404342651367,14.817605972290039,14.856735229492188,14.844688415527344,12.35252857208252,12.360039710998535,12.604594230651855,12.529304504394531
0,13.35540223121643,0.0,0.0,0.001426207716576755,4,0,0.0,0.0,29.626220703125,14.816402435302734,14.817604064941406,14.856721878051758,14.844680786132812,12.352511405944824,12.36002254486084,12.604508399963379,12.529253005981445
0,13.372788190841675,0.0,0.0,0.0033865247387439013,4,1,0.0,0.0,29.626220703125,14.816400527954102,14.817602157592773,14.856712341308594,14.844675064086914,12.352499961853027,12.360011100769043,12.604451179504395,12.529218673706055
0,13.390175819396973,0.0,0.0,0.0016965564573183656,4,0,0.0,0.0,29.626220703125,14.816398620605469,14.81760025024414,14.85670280456543,14.844669342041016,12.35248851776123,12.359999656677246,12.60439395904541,12.529184341430664
0,13.408720254898071,0.0,0.0,0.0021834534127265215,4,0,0.0,0.0,29.626220703125,14.816396713256836,14.817598342895508,14.856693267822266,14.844663619995117,12.352477073669434,12.35998821258545,12.604331970214844,12.529150009155273
0,13.428766250610352,0.0,0.0,0.003485612804070115,4,0,0.0,0.0,29.626220703125,14.816394805908203,14.817596435546875,14.856681823730469,14.844657897949219,12.352463722229004,12.35997486114502,12.60425853729248,12.529109954833984
0,13.446388721466064,0.0,0.0,0.002576755592599511,4,0,0.0,0.0,29.626220703125,14.81639289855957,14.817594528198242,14.856671333312988,14.84465217590332,12.352452278137207,12.359963417053223,12.604195594787598,12.529075622558594
0,13.464437484741211,0.0,0.0,0.003001751843839884,4,1,0.0,0.0,29.626220703125,14.816390991210938,14.81759262084961,14.856660842895508,14.844646453857422,12.35244083404541,12.359951972961426,12.604132652282715,12.529041290283203
0,13.483014106750488,0.0,0.0,0.003176960628479719,4,1,0.0,0.0,29.626220703125,14.816389083862305,14.817590713500977,14.856651306152344,14.844640731811523,12.352429389953613,12.359940528869629,12.604069709777832,12.529006958007812
0,13.509836912155151,0.0,0.0,0.0018468400230631232,4,0,0.0,0.0,29.626220703125,14.816386222839355,14.817587852478027,14.856636047363281,14.844633102416992,12.352412223815918,12.359923362731934,12.603975296020508,12.528955459594727
0,13.527312278747559,0.0,0.0,0.0021967978682368994,4,0,0.0,0.0,29.626220703125,14.816384315490723,14.817585945129395,14.856626510620117,14.844627380371094,12.352400779724121,12.359911918640137,12.603912353515625,12.528921127319336
0,13.546702861785889,0.0,0.0,0.0028198929503560066,4,1,0.0,0.0,29.626220703125,14.81638240814209,14.817584037780762,14.856616020202637,14.844621658325195,12.352389335632324,12.35990047454834,12.603849411010742,12.528886795043945
0,13.565147638320923,0.0,0.0,0.002060377039015293,4,0,0.0,0.0,29.626220703125,14.816380500793457,14.817582130432129,14.856605529785156,14.844615936279297,12.352377891540527,12.359889030456543,12.60378646850586,12.528852462768555
0,13.584037065505981,0.0,0.0,0.002009542426094413,4,0,0.0,0.0,29.626220703125,14.816378593444824,14.817580223083496,14.85659408569336,14.844610214233398,12.352364540100098,12.359875679016113,12.603713035583496,12.528812408447266
0,13.603494644165039,0.0,0.0,0.0030469957273453474,4,1,0.0,0.0,29.626220703125,14.816376686096191,14.817578315734863,14.856584548950195,14.8446044921875,12.3523530960083,12.359864234924316,12.603650093078613,12.528778076171875
0,13.625503301620483,0.0,0.0,0.0035497224889695644,4,1,0.0,0.0,29.626220703125,14.816373825073242,14.81757640838623,14.856572151184082,14.844597816467285,12.352339744567871,12.359850883483887,12.60357666015625,12.528738021850586
0,13.647248029708862,0.0,0.0,0.0016389288939535618,4,0,0.0,0.0,29.626220703125,14.81637191772461,14.817573547363281,14.856558799743652,14.84459114074707,12.352324485778809,12.359835624694824,12.603492736816406,12.528692245483398
0,13.664510250091553,0.0,0.0,0.0018694772152230144,4,0,0.0,0.0,29.626220703125,14.816370010375977,14.817571640014648,14.856550216674805,14.844586372375488,12.352314949035645,12.35982608795166,12.603440284729004,12.528663635253906
0,13.681939363479614,0.0,0.0,0.002388126216828823,4,1,0.0,0.0,29.626220703125,14.816368103027344,14.817570686340332,14.85654067993164,14.84458065032959,12.352303504943848,12.359814643859863,12.603377342224121,12.528629302978516
0,13.703483581542969,0.0,0.0,0.0036775183398276567,4,1,0.0,0.0,29.626220703125,14.816366195678711,14.817567825317383,14.856529235839844,14.844573974609375,12.352290153503418,12.359801292419434,12.603303909301758,12.528589248657227
0,13.721290826797485,0.0,0.0,0.003983648028224707,4,0,0.0,0.0,29.626220703125,14.816364288330078,14.81756591796875,14.856518745422363,14.844568252563477,12.352278709411621,12.359789848327637,12.603240966796875,12.528554916381836
0,13.750499248504639,0.0,0.0,0.0030025960877537727,4,0,0.0,0.0,29.626220703125,14.816361427307129,14.8175630569458,14.856501579284668,14.844559669494629,12.352259635925293,12.359770774841309,12.60313606262207,12.528497695922852
0,13.768229007720947,0.0,0.0,0.00389269832521677,4,1,0.0,0.0,29.626220703125,14.816359519958496,14.817562103271484,14.856492042541504,14.84455394744873,12.352248191833496,12.359759330749512,12.603073120117188,12.528463363647461
0,13.78668761253357,0.0,0.0,0.0034552167635411024,4,0,0.0,0.0,29.626220703125,14.816357612609863,14.817560195922852,14.856481552124023,14.844549179077148,12.3522367477417,12.359747886657715,12.603010177612305,12.52842903137207
0,13.804590225219727,0.0,0.0,0.0014368671691045165,4,0,0.0,0.0,29.626220703125,14.816356658935547,14.817558288574219,14.85647201538086,14.84454345703125,12.352225303649902,12.359736442565918,12.602947235107422,12.52839469909668
0,13.82198190689087,0.0,0.0,0.0027629092801362276,4,1,0.0,0.0,29.626220703125,14.816354751586914,14.817556381225586,14.856461524963379,14.844537734985352,12.352213859558105,12.359724998474121,12.602884292602539,12.528360366821289
0,13.841685771942139,0.0,0.0,0.0015177975874394178,4,1,0.0,0.0,29.626220703125,14.816352844238281,14.817554473876953,14.856451034545898,14.844532012939453,12.352202415466309,12.359713554382324,12.602821350097656,12.528326034545898
0,13.8592529296875,0.0,0.0,0.0038492046296596527,4,0,0.0,0.0,29.626220703125,14.816350936889648,14.81755256652832,14.856441497802734,14.844526290893555,12.352190971374512,12.359702110290527,12.602758407592773,12.528291702270508
0,13.878799200057983,0.0,0.0,0.00045784516260027885,4,0,0.0,0.0,29.626220703125,14.816349029541016,14.817550659179688,14.856430053710938,14.844520568847656,12.352177619934082,12.359688758850098,12.60268497467041,12.528251647949219
0,13.900332689285278,0.0,0.0,0.0037299615796655416,4,1,0.0,0.0,29.626220703125,14.816346168518066,14.817547798156738,14.856417655944824,14.844513893127441,12.352164268493652,12.359675407409668,12.602611541748047,12.52821159362793
0,13.917956829071045,0.0,0.0,0.0012595533626154065,4,0,0.0,0.0,29.626220703125,14.816344261169434,14.817546844482422,14.85640811920166,14.844508171081543,12.352152824401855,12.359663963317871,12.602548599243164,12.528177261352539
0,13.935420274734497,0.0,0.0,0.002116652438417077,4,0,0.0,0.0,29.626220703125,14.8163423538208,14.817544937133789,14.85639762878418,14.844503402709961,12.352141380310059,12.359652519226074,12.602485656738281,12.528142929077148
0,13.95288896560669,0.0,0.0,0.0010447943350300193,4,0,0.0,0.0,29.626220703125,14.816341400146484,14.817543029785156,14.856388092041016,14.844497680664062,12.352129936218262,12.359641075134277,12.602422714233398,12.528108596801758
0,13.970794677734375,0.0,0.0,0.001488453708589077,4,0,0.0,0.0,29.626220703125,14.816339492797852,14.817541122436523,14.856377601623535,14.844491958618164,12.352118492126465,12.35962963104248,12.602359771728516,12.528074264526367
0,13.988712310791016,0.0,0.0,0.0008004340925253928,4,1,0.0,0.0,29.626220703125,14.816337585449219,14.81753921508789,14.856369018554688,14.844487190246582,12.3521089553833,12.359620094299316,12.602307319641113,12.528045654296875
0,14.007642030715942,0.0,0.0,0.0013420612085610628,4,0,0.0,0.0,29.626220703125,14.816335678100586,14.817537307739258,14.85635757446289,14.844480514526367,12.352095603942871,12.359606742858887,12.60223388671875,12.528005599975586
0,14.025623083114624,0.0,0.0,0.0002696787705644965,4,0,0.0,0.0,29.626220703125,14.816333770751953,14.817535400390625,14.85634708404541,14.844475746154785,12.352084159851074,12.35959529876709,12.602170944213867,12.527971267700195
0,14.043129205703735,0.0,0.0,0.0014982473803684115,4,1,0.0,0.0,29.626220703125,14.81633186340332,14.817533493041992,14.856337547302246,14.844470024108887,12.352072715759277,12.359583854675293,12.602108001708984,12.527936935424805
0,14.060550212860107,0.0,0.0,0.0010263306321576238,4,1,0.0,0.0,29.626220703125,14.816329956054688,14.81753158569336,14.856328964233398,14.844465255737305,12.352063179016113,12.359574317932129,12.602055549621582,12.527908325195312
0,14.07860517501831,0.0,0.0,0.0015362531412392855,4,0,0.0,0.0,29.626220703125,14.816328048706055,14.817529678344727,14.856319427490234,14.844459533691406,12.352051734924316,12.359562873840332,12.6019926071167,12.527873992919922
0,14.105145454406738,0.0,0.0,0.0017665076302364469,4,1,0.0,0.0,29.626220703125,14.816326141357422,14.817527770996094,14.856304168701172,14.844451904296875,12.352034568786621,12.359545707702637,12.601898193359375,12.527822494506836
0,14.12274718284607,0.0,0.0,0.0014780901838093996,4,1,0.0,0.0,29.626220703125,14.816324234008789,14.817525863647461,14.856293678283691,14.844446182250977,12.352023124694824,12.35953426361084,12.601835250854492,12.527788162231445
0,14.141498565673828,0.0,0.0,0.0007848952664062381,4,0,0.0,0.0,29.626220703125,14.816322326660156,14.817523956298828,14.856283187866211,14.844440460205078,12.352011680603027,12.359522819519043,12.60177230834961,12.527753829956055
0,14.159043550491333,0.0,0.0,0.0003617375041358173,4,0,0.0,0.0,29.626220703125,14.816320419311523,14.817522048950195,14.856273651123047,14.84443473815918,12.35200023651123,12.359511375427246,12.601709365844727,12.527719497680664
0,14.177000284194946,0.0,0.0,0.0010259029222652316,4,1,0.0,0.0,29.626220703125,14.81631851196289,14.817520141601562,14.856263160705566,14.844429969787598,12.351988792419434,12.35949993133545,12.601646423339844,12.527685165405273
0,14.195940971374512,0.0,0.0,0.0018356868531554937,4,0,0.0,0.0,29.626220703125,14.816316604614258,14.81751823425293,14.85625171661377,14.844423294067383,12.351975440979004,12.35948657989502,12.60157299041748,12.527645111083984
0,14.21332573890686,0.0,0.0,0.00036479291156865656,4,0,0.0,0.0,29.626220703125,14.816314697265625,14.817516326904297,14.856243133544922,14.8444185256958,12.35196590423584,12.359477043151855,12.601520538330078,12.527616500854492
0,14.231436252593994,0.0,0.0,0.0016648279270157218,4,1,0.0,0.0,29.626220703125,14.816312789916992,14.817514419555664,14.856233596801758,14.844413757324219,12.351954460144043,12.359465599060059,12.601457595825195,12.527582168579102
0,14.250378131866455,0.0,0.0,0.0019549494609236717,4,0,0.0,0.0,29.626220703125,14.81631088256836,14.817512512207031,14.856221199035645,14.844407081604004,12.351941108703613,12.359452247619629,12.601384162902832,12.527542114257812
0,14.267760753631592,0.0,0.0,0.0021591323893517256,4,0,0.0,0.0,29.626220703125,14.816308975219727,14.817510604858398,14.856212615966797,14.844402313232422,12.35193157196045,12.359442710876465,12.60133171081543,12.52751350402832
0,14.28524899482727,0.0,0.0,0.0009028611821122468,4,1,0.0,0.0,29.626220703125,14.816307067871094,14.817508697509766,14.856203079223633,14.844396591186523,12.351920127868652,12.359431266784668,12.601268768310547,12.52747917175293
0,14.302671194076538,0.0,0.0,0.002815841231495142,4,1,0.0,0.0,29.626220703125,14.816305160522461,14.817506790161133,14.856193542480469,14.844390869140625,12.351908683776855,12.359419822692871,12.601205825805664,12.527444839477539
0,14.32273530960083,0.0,0.0,0.0032015766482800245,4,0,0.0,0.0,29.626220703125,14.816303253173828,14.8175048828125,14.856181144714355,14.844385147094727,12.351895332336426,12.359406471252441,12.6011323928833,12.52740478515625
0,14.340274095535278,0.0,0.0,0.0007503167726099491,4,0,0.0,0.0,29.626220703125,14.816301345825195,14.817502975463867,14.856170654296875,14.844379425048828,12.351883888244629,12.359395027160645,12.601069450378418,12.52737045288086
0,14.361842393875122,0.0,0.0,0.0019192112376913428,4,1,0.0,0.0,29.626220703125,14.816299438476562,14.817501068115234,14.856159210205078,14.844372749328613,12.3518705368042,12.359381675720215,12.600996017456055,12.52733039855957
0,14.37927508354187,0.0,0.0,0.0030415428336709738,4,0,0.0,0.0,29.626220703125,14.81629753112793,14.817499160766602,14.856149673461914,14.844367980957031,12.351859092712402,12.359370231628418,12.600933074951172,12.52729606628418
0,14.397493839263916,0.0,0.0,0.00223691388964653,4,1,0.0,0.0,29.626220703125,14.816295623779297,14.817497253417969,14.856138229370117,14.844362258911133,12.351847648620605,12.359358787536621,12.600865364074707,12.527261734008789
0,14.416414260864258,0.0,0.0,0.0025313629303127527,4,0,0.0,0.0,29.626220703125,14.816293716430664,14.817495346069336,14.856127738952637,14.844356536865234,12.351836204528809,12.359347343444824,12.600796699523926,12.527227401733398
0,14.435880661010742,0.0,0.0,0.0003168755501974374,4,0,0.0,0.0,29.626220703125,14.816291809082031,14.817493438720703,14.856114387512207,14.84434986114502,12.351822853088379,12.359333992004395,12.600716590881348,12.52718734741211
0,14.457360744476318,0.0,0.0,0.0024110411759465933,4,1,0.0,0.0,29.626220703125,14.816289901733398,14.81749153137207,14.856101989746094,14.844343185424805,12.35180950164795,12.359320640563965,12.60063648223877,12.52714729309082
0,14.478386163711548,0.0,0.0,0.0037198865320533514,4,0,0.0,0.0,29.626220703125,14.816287994384766,14.817489624023438,14.856088638305664,14.844337463378906,12.35179615020752,12.359307289123535,12.600556373596191,12.527107238769531
0,14.49631667137146,0.0,0.0,0.003917832858860493,4,0,0.0,0.0,29.626220703125,14.816286087036133,14.817487716674805,14.856078147888184,14.844331741333008,12.351784706115723,12.359295845031738,12.60048770904541,12.52707290649414
0,14.514321088790894,0.0,0.0,0.0019169795559719205,4,0,0.0,0.0,29.626220703125,14.8162841796875,14.817485809326172,14.856067657470703,14.84432601928711,12.351773262023926,12.359284400939941,12.600421905517578,12.52703857421875
0,14.532269954681396,0.0,0.0,0.000493009458296001,4,0,0.0,0.0,29.626220703125,14.816282272338867,14.817483901977539,14.856057167053223,14.844320297241211,12.351761817932129,12.359272956848145,12.600358963012695,12.52700424194336
0,14.55057430267334,0.0,0.0,0.00090643425937742,4,0,0.0,0.0,29.626220703125,14.816280364990234,14.817481994628906,14.856047630310059,14.844315528869629,12.351750373840332,12.359261512756348,12.600296020507812,12.526969909667969
0,14.573139667510986,0.0,0.0,0.0018233623122796416,4,1,0.0,0.0,29.626220703125,14.816278457641602,14.817480087280273,14.856035232543945,14.844308853149414,12.351737022399902,12.359248161315918,12.60022258758545,12.52692985534668
0,14.59414529800415,0.0,0.0,0.002558525651693344,4,0,0.0,0.0,29.626220703125,14.816275596618652,14.81747817993164,14.856023788452148,14.8443021774292,12.351723670959473,12.359234809875488,12.600149154663086,12.52688980102539
0,14.611552476882935,0.0,0.0,0.0006172193097881973,4,0,0.0,0.0,29.626220703125,14.81627368927002,14.817476272583008,14.856014251708984,14.844297409057617,12.351712226867676,12.359223365783691,12.600086212158203,12.52685546875
0,14.630282163619995,0.0,0.0,0.002019488951191306,4,0,0.0,0.0,29.626220703125,14.816272735595703,14.817474365234375,14.856003761291504,14.844291687011719,12.351700782775879,12.359211921691895,12.60002326965332,12.52682113647461
0,14.64922833442688,0.0,0.0,0.001892116735689342,4,0,0.0,0.0,29.626220703125,14.816269874572754,14.817471504211426,14.855992317199707,14.844285011291504,12.35168743133545,12.359198570251465,12.599949836730957,12.52678108215332
0,14.66671895980835,0.0,0.0,0.0023817280307412148,4,0,0.0,0.0,29.626220703125,14.816268920898438,14.81747055053711,14.85598373413086,14.844280242919922,12.351677894592285,12.3591890335083,12.599897384643555,12.526752471923828
0,14.691375255584717,0.0,0.0,0.0024581158068031073,4,0,0.0,0.0,29.626220703125,14.816266059875488,14.81746768951416,14.855968475341797,14.844274520874023,12.35166072845459,12.359171867370605,12.59980297088623,12.526712417602539
0,14.712960481643677,0.0,0.0,0.0013261541025713086,4,1,0.0,0.0,29.626220703125,14.816263198852539,14.817464828491211,14.85595703125,14.844269752502441,12.35164737701416,12.359158515930176,12.599729537963867,12.52668571472168
0,14.730371236801147,0.0,0.0,0.00224728649482131,4,0,0.0,0.0,29.626220703125,14.816261291503906,14.817463874816895,14.85594654083252,14.844265937805176,12.351635932922363,12.359147071838379,12.599666595458984,12.526662826538086
0,14.74827265739441,0.0,0.0,0.0007485744426958263,4,0,0.0,0.0,29.626220703125,14.816259384155273,14.817461967468262,14.855936050415039,14.84426212310791,12.351624488830566,12.359135627746582,12.599603652954102,12.526639938354492
0,14.767261028289795,0.0,0.0,0.0019973674789071083,4,1,0.0,0.0,29.626220703125,14.816258430480957,14.817460060119629,14.855926513671875,14.844259262084961,12.35161304473877,12.359124183654785,12.599540710449219,12.526617050170898
0,14.784669637680054,0.0,0.0,0.0029961271211504936,4,0,0.0,0.0,29.626220703125,14.816256523132324,14.817458152770996,14.855916976928711,14.844255447387695,12.351601600646973,12.359112739562988,12.599477767944336,12.526594161987305
0,14.80208706855774,0.0,0.0,0.003260314930230379,4,0,0.0,0.0,29.626220703125,14.816254615783691,14.817456245422363,14.85590648651123,14.84425163269043,12.351590156555176,12.359101295471191,12.599414825439453,12.526571273803711
0,14.821715831756592,0.0,0.0,0.0008170610526576638,4,0,0.0,0.0,29.626220703125,14.816252708435059,14.81745433807373,14.85589599609375,14.84424877166748,12.351578712463379,12.359089851379395,12.59935188293457,12.526554107666016
0,14.848839282989502,0.0,0.0,0.0018237620824947953,4,0,0.0,0.0,29.626220703125,14.81624984741211,14.817451477050781,14.855880737304688,14.844244003295898,12.351561546325684,12.3590726852417,12.599257469177246,12.526528358459473
0,14.866159200668335,0.0,0.0,0.0030645281076431274,4,0,0.0,0.0,29.626220703125,14.816247940063477,14.817449569702148,14.855871200561523,14.844242095947266,12.351550102233887,12.359061241149902,12.599194526672363,12.526511192321777
0,14.885217666625977,0.0,0.0,0.002598152495920658,4,0,0.0,0.0,29.626220703125,14.816246032714844,14.817447662353516,14.85586166381836,14.844239234924316,12.35153865814209,12.359049797058105,12.59913158416748,12.526494026184082
0,14.903077840805054,0.0,0.0,0.0022233673371374607,4,1,0.0,0.0,29.626220703125,14.816244125366211,14.817445755004883,14.855851173400879,14.844236373901367,12.351527214050293,12.359038352966309,12.599068641662598,12.526476860046387
0,14.921324014663696,0.0,0.0,0.0017456223722547293,4,0,0.0,0.0,29.626220703125,14.816242218017578,14.81744384765625,14.855840682983398,14.844233512878418,12.351515769958496,12.359026908874512,12.599005699157715,12.526459693908691
0,14.943120002746582,0.0,0.0,0.0003169462434016168,4,0,0.0,0.0,29.626220703125,14.816240310668945,14.817441940307617,14.855827331542969,14.844229698181152,12.351500511169434,12.35901165008545,12.598921775817871,12.526436805725098
0,14.967878580093384,0.0,0.0,0.00038703117752447724,4,0,0.0,0.0,29.626220703125,14.816237449645996,14.817440032958984,14.855813980102539,14.844226837158203,12.351485252380371,12.358996391296387,12.598837852478027,12.526413917541504
0,14.985662698745728,0.0,0.0,0.0029349951073527336,4,0,0.0,0.0,29.626220703125,14.816235542297363,14.817438125610352,14.855804443359375,14.844223022460938,12.351473808288574,12.35898494720459,12.598774909973145,12.526396751403809
0,15.003517150878906,0.0,0.0,0.0027699207421392202,4,1,0.0,0.0,29.626220703125,14.816234588623047,14.817436218261719,14.855793952941895,14.844221115112305,12.351462364196777,12.358973503112793,12.598711967468262,12.526379585266113
0,15.021586894989014,0.0,0.0,0.001709186239168048,4,0,0.0,0.0,29.626220703125,14.816232681274414,14.817434310913086,14.855783462524414,14.844218254089355,12.35145092010498,12.358962059020996,12.598649024963379,12.526362419128418
0,15.039011001586914,0.0,0.0,0.0004955768818035722,4,1,0.0,0.0,29.626220703125,14.816230773925781,14.817432403564453,14.85577392578125,14.844215393066406,12.351439476013184,12.3589506149292,12.598586082458496,12.526345252990723
0,15.05899167060852,0.0,0.0,0.002942738588899374,4,0,0.0,0.0,29.626220703125,14.816228866577148,14.81743049621582,14.85576343536377,14.844212532043457,12.351428031921387,12.358939170837402,12.598523139953613,12.526328086853027
0,15.084831237792969,0.0,0.0,0.00035876702168025076,4,0,0.0,0.0,29.626220703125,14.8162260055542,14.817427635192871,14.855749130249023,14.844208717346191,12.351410865783691,12.358922004699707,12.598428726196289,12.526302337646484
0,15.102742671966553,0.0,0.0,0.0014490097528323531,4,0,0.0,0.0,29.626220703125,14.816224098205566,14.817425727844238,14.855738639831543,14.844205856323242,12.351399421691895,12.35891056060791,12.598365783691406,12.526285171508789
0,15.120094299316406,0.0,0.0,0.0032871519215404987,4,0,0.0,0.0,29.626220703125,14.816222190856934,14.817424774169922,14.855730056762695,14.84420394897461,12.35138988494873,12.358901023864746,12.598313331604004,12.526270866394043
0,15.137707471847534,0.0,0.0,0.0011503463611006737,4,0,0.0,0.0,29.626220703125,14.8162202835083,14.817422866821289,14.855720520019531,14.844200134277344,12.351378440856934,12.35888957977295,12.598250389099121,12.526253700256348
0,15.15544867515564,0.0,0.0,0.001494181458838284,4,0,0.0,0.0,29.626220703125,14.816219329833984,14.817420959472656,14.85571002960205,14.844198226928711,12.351366996765137,12.358878135681152,12.598187446594238,12.526236534118652
0,15.172998666763306,0.0,0.0,0.0028708360623568296,4,1,0.0,0.0,29.626220703125,14.816217422485352,14.817419052124023,14.85569953918457,14.844195365905762,12.35135555267334,12.358866691589355,12.598124504089355,12.526219367980957
0,15.193076610565186,0.0,0.0,0.001062947791069746,4,0,0.0,0.0,29.626220703125,14.816214561462402,14.81741714477539,14.855688095092773,14.844192504882812,12.35134220123291,12.358853340148926,12.598051071166992,12.526199340820312
0,15.21057939529419,0.0,0.0,0.0006677269120700657,4,0,0.0,0.0,29.626220703125,14.81621265411377,14.817415237426758,14.85567855834961,14.844188690185547,12.351330757141113,12.358841896057129,12.59798812866211,12.526182174682617
0,15.227726221084595,0.0,0.0,0.0009176942403428257,4,1,0.0,0.0,29.626220703125,14.816211700439453,14.817413330078125,14.855668067932129,14.844186782836914,12.351319313049316,12.358830451965332,12.597925186157227,12.526165008544922
0,15.24558162689209,0.0,0.0,0.0008108913898468018,4,0,0.0,0.0,29.626220703125,14.81620979309082,14.817411422729492,14.855659484863281,14.844183921813965,12.351309776306152,12.358820915222168,12.597872734069824,12.526150703430176
0,15.265072345733643,0.0,0.0,0.0004264888120815158,4,0,0.0,0.0,29.626220703125,14.816207885742188,14.81740951538086,14.855648040771484,14.844181060791016,12.351296424865723,12.358807563781738,12.597799301147461,12.526130676269531
0,15.286858081817627,0.0,0.0,0.0012235121103003621,4,1,0.0,0.0,29.626220703125,14.816205024719238,14.817407608032227,14.855636596679688,14.84417724609375,12.351283073425293,12.358794212341309,12.597725868225098,12.526104927062988
0,15.305056095123291,0.0,0.0,0.0016654010396450758,4,0,0.0,0.0,29.626220703125,14.816204071044922,14.817405700683594,14.855626106262207,14.844173431396484,12.351271629333496,12.358782768249512,12.597662925720215,12.526082038879395
0,15.323078155517578,0.0,0.0,0.0029807505197823048,4,0,0.0,0.0,29.626220703125,14.816202163696289,14.817403793334961,14.855615615844727,14.844169616699219,12.3512601852417,12.358771324157715,12.597599983215332,12.5260591506958
0,15.340758323669434,0.0,0.0,0.00145712832454592,4,0,0.0,0.0,29.626220703125,14.816200256347656,14.817401885986328,14.855606079101562,14.844165802001953,12.351248741149902,12.358759880065918,12.59753704071045,12.526036262512207
0,15.358628511428833,0.0,0.0,0.0022093593142926693,4,1,0.0,0.0,29.626220703125,14.816198348999023,14.817399978637695,14.855595588684082,14.844161987304688,12.351237297058105,12.358748435974121,12.597474098205566,12.526013374328613
0,15.377144813537598,0.0,0.0,0.002175448462367058,4,0,0.0,0.0,29.626220703125,14.81619644165039,14.817398071289062,14.855586051940918,14.844158172607422,12.351225852966309,12.358736991882324,12.597411155700684,12.52599048614502
0,15.394622325897217,0.0,0.0,0.0014645513147115707,4,0,0.0,0.0,29.626220703125,14.816194534301758,14.81739616394043,14.855575561523438,14.844154357910156,12.351214408874512,12.358725547790527,12.5973482131958,12.525967597961426
0,15.41290807723999,0.0,0.0,0.0022348673082888126,4,1,0.0,0.0,29.626220703125,14.816192626953125,14.817394256591797,14.855566024780273,14.84415054321289,12.351202964782715,12.35871410369873,12.597285270690918,12.525943756103516
0,15.430826663970947,0.0,0.0,0.0018235900206491351,4,1,0.0,0.0,29.626220703125,14.816190719604492,14.817392349243164,14.855555534362793,14.844146728515625,12.351191520690918,12.358702659606934,12.597222328186035,12.525915145874023
0,15.457987070083618,0.0,0.0,0.001263051643036306,4,0,0.0,0.0,29.626220703125,14.816187858581543,14.817389488220215,14.85554027557373,14.844139099121094,12.351174354553223,12.358685493469238,12.597127914428711,12.525872230529785
0,15.475936651229858,0.0,0.0,0.0007772265234962106,4,1,0.0,0.0,29.626220703125,14.81618595123291,14.817387580871582,14.855530738830566,14.844135284423828,12.351162910461426,12.358674049377441,12.597064971923828,12.525843620300293
0,15.494355916976929,0.0,0.0,0.0017395232571288943,4,1,0.0,0.0,29.626220703125,14.816184043884277,14.817386627197266,14.855520248413086,14.844130516052246,12.351151466369629,12.358662605285645,12.597002029418945,12.5258150100708
0,15.511807680130005,0.0,0.0,0.0028293386567384005,4,0,0.0,0.0,29.626220703125,14.816182136535645,14.817384719848633,14.855510711669922,14.844125747680664,12.351140022277832,12.358651161193848,12.596939086914062,12.525786399841309
0,15.53075385093689,0.0,0.0,0.002407541498541832,4,0,0.0,0.0,29.626220703125,14.816181182861328,14.8173828125,14.855500221252441,14.844120979309082,12.351128578186035,12.35863971710205,12.59687614440918,12.525757789611816
0,15.554188966751099,0.0,0.0,0.002132698195055127,4,1,0.0,0.0,29.626220703125,14.816178321838379,14.81737995147705,14.855486869812012,14.844115257263184,12.351113319396973,12.358624458312988,12.596792221069336,12.52571964263916
0,15.573144674301147,0.0,0.0,0.0021816338412463665,4,0,0.0,0.0,29.626220703125,14.81617546081543,14.817378044128418,14.855474472045898,14.844109535217285,12.351099967956543,12.358611106872559,12.596718788146973,12.525686264038086
0,15.595031976699829,0.0,0.0,0.0011540218256413937,4,1,0.0,0.0,29.626220703125,14.816173553466797,14.817375183105469,14.855463027954102,14.844104766845703,12.351086616516113,12.358597755432129,12.59664535522461,12.525652885437012
0,15.61305856704712,0.0,0.0,0.0004158812516834587,4,0,0.0,0.0,29.626220703125,14.816171646118164,14.817373275756836,14.855453491210938,14.844099998474121,12.351075172424316,12.358586311340332,12.596582412719727,12.52562427520752
0,15.632484674453735,0.0,0.0,0.0004777743306476623,4,0,0.0,0.0,29.626220703125,14.816169738769531,14.81737232208252,14.855443000793457,14.844095230102539,12.35106372833252,12.358574867248535,12.596519470214844,12.525595664978027
0,15.650885581970215,0.0,0.0,0.0021717469207942486,4,1,0.0,0.0,29.626220703125,14.816167831420898,14.81736946105957,14.85543155670166,14.84408950805664,12.35105037689209,12.358561515808105,12.59644603729248,12.525562286376953
0,15.67255687713623,0.0,0.0,0.0029505162965506315,4,1,0.0,0.0,29.626220703125,14.816165924072266,14.817367553710938,14.855419158935547,14.844084739685059,12.35103702545166,12.358548164367676,12.596372604370117,12.525528907775879
0,15.698994636535645,0.0,0.0,0.0014747873647138476,4,0,0.0,0.0,29.626220703125,14.816163063049316,14.817364692687988,14.8554048538208,14.844078063964844,12.351019859313965,12.35853099822998,12.596278190612793,12.52548599243164
0,15.71666145324707,0.0,0.0,0.00343765364959836,4,0,0.0,0.0,29.626220703125,14.816162109375,14.817363739013672,14.855396270751953,14.844074249267578,12.3510103225708,12.358521461486816,12.59622573852539,12.52546215057373
0,15.734436273574829,0.0,0.0,0.0029985597357153893,4,1,0.0,0.0,29.626220703125,14.816160202026367,14.817361831665039,14.855385780334473,14.844069480895996,12.350998878479004,12.35851001739502,12.596162796020508,12.525433540344238
0,15.753423929214478,0.0,0.0,0.001201161532662809,4,1,0.0,0.0,29.626220703125,14.816158294677734,14.817359924316406,14.855374336242676,14.844063758850098,12.350985527038574,12.35849666595459,12.596089363098145,12.525400161743164
0,15.772925853729248,0.0,0.0,0.0006985837244428694,4,0,0.0,0.0,29.626220703125,14.816156387329102,14.817358016967773,14.855363845825195,14.844058990478516,12.350974082946777,12.358485221862793,12.596026420593262,12.525371551513672
0,15.790384769439697,0.0,0.0,0.0014696529833599925,4,0,0.0,0.0,29.626220703125,14.816154479980469,14.81735610961914,14.855354309082031,14.84405517578125,12.35096263885498,12.358473777770996,12.595963478088379,12.52534294128418
0,15.809432029724121,0.0,0.0,0.0027706569526344538,4,0,0.0,0.0,29.626220703125,14.816152572631836,14.817354202270508,14.85534381866455,14.844050407409668,12.350951194763184,12.3584623336792,12.595900535583496,12.525314331054688
0,15.828702926635742,0.0,0.0,0.0004999620723538101,4,0,0.0,0.0,29.626220703125,14.816150665283203,14.817352294921875,14.855332374572754,14.84404468536377,12.350937843322754,12.35844898223877,12.595827102661133,12.525280952453613
0,15.846714496612549,0.0,0.0,0.0002429152955301106,4,1,0.0,0.0,29.626220703125,14.81614875793457,14.817350387573242,14.855321884155273,14.844039916992188,12.350926399230957,12.358437538146973,12.59576416015625,12.525252342224121
0,15.867295980453491,0.0,0.0,0.0029001126531511545,4,1,0.0,0.0,29.626220703125,14.816145896911621,14.81734848022461,14.855310440063477,14.844035148620605,12.350913047790527,12.358424186706543,12.595690727233887,12.525218963623047
0,15.88466763496399,0.0,0.0,0.0030083234887570143,4,0,0.0,0.0,29.626220703125,14.816144943237305,14.817346572875977,14.855301856994629,14.84403133392334,12.350903511047363,12.358414649963379,12.595638275146484,12.525195121765137
0,15.902969598770142,0.0,0.0,0.000616607372649014,4,0,0.0,0.0,29.626220703125,14.816143035888672,14.817344665527344,14.855292320251465,14.844026565551758,12.350892066955566,12.358403205871582,12.595575332641602,12.525166511535645
0,15.921998977661133,0.0,0.0,0.00065294757951051,4,1,0.0,0.0,29.626220703125,14.816141128540039,14.817342758178711,14.855279922485352,14.84402084350586,12.350878715515137,12.358389854431152,12.595501899719238,12.52513313293457
0,15.94106936454773,0.0,0.0,0.002521489281207323,4,0,0.0,0.0,29.626220703125,14.816139221191406,14.817340850830078,14.855270385742188,14.844017028808594,12.35086727142334,12.358378410339355,12.595438957214355,12.525104522705078
0,15.959519386291504,0.0,0.0,0.0017294074641540647,4,0,0.0,0.0,29.626220703125,14.816137313842773,14.817338943481445,14.855259895324707,14.844012260437012,12.350855827331543,12.358366966247559,12.595376014709473,12.525075912475586
0,15.980946779251099,0.0,0.0,0.00037441583117470145,4,0,0.0,0.0,29.626220703125,14.81613540649414,14.817337036132812,14.85524845123291,14.844006538391113,12.350842475891113,12.358353614807129,12.59530258178711,12.525042533874512
0,15.99874758720398,0.0,0.0,0.0019878398161381483,4,1,0.0,0.0,29.626220703125,14.816133499145508,14.81733512878418,14.85523796081543,14.844001770019531,12.350831031799316,12.358342170715332,12.595239639282227,12.52501392364502
0,16.021749258041382,0.0,0.0,0.0018240006174892187,4,0,0.0,0.0,29.626220703125,14.816130638122559,14.81733226776123,14.855224609375,14.843996047973633,12.350815773010254,12.35832691192627,12.595155715942383,12.524975776672363
0,16.039385557174683,0.0,0.0,0.0003866436018142849,4,0,0.0,0.0,29.626220703125,14.816128730773926,14.817330360412598,14.855215072631836,14.84399127960205,12.350804328918457,12.358315467834473,12.5950927734375,12.524947166442871
0,16.058921337127686,0.0,0.0,0.0020292378030717373,4,1,0.0,0.0,29.626220703125,14.816126823425293,14.817328453063965,14.855203628540039,14.843986511230469,12.350790977478027,12.358302116394043,12.595019340515137,12.524913787841797
0,16.076900720596313,0.0,0.0,0.002229102421551943,4,0,0.0,0.0,29.626220703125,14.81612491607666,14.817326545715332,14.855193138122559,14.843981742858887,12.35077953338623,12.358290672302246,12.594956398010254,12.524885177612305
0,16.095237493515015,0.0,0.0,0.001609030761756003,4,0,0.0,0.0,29.626220703125,14.816123008728027,14.8173246383667,14.855182647705078,14.843976974487305,12.350768089294434,12.35827922821045,12.594893455505371,12.524856567382812
0,16.112724781036377,0.0,0.0,0.0004511943843681365,4,1,0.0,0.0,29.626220703125,14.816121101379395,14.817323684692383,14.855175018310547,14.843973159790039,12.35075855255127,12.358269691467285,12.594841003417969,12.524832725524902
0,16.1301908493042,0.0,0.0,0.001961728325113654,4,0,0.0,0.0,29.626220703125,14.816120147705078,14.81732177734375,14.855164527893066,14.843968391418457,12.350747108459473,12.358258247375488,12.594778060913086,12.52480411529541
0,16.147995948791504,0.0,0.0,0.001468202448450029,4,0,0.0,0.0,29.626220703125,14.816118240356445,14.817319869995117,14.855154037475586,14.843963623046875,12.350735664367676,12.358246803283691,12.594715118408203,12.524775505065918
0,16.166025400161743,0.0,0.0,0.001920148148201406,4,0,0.0,0.0,29.626220703125,14.816116333007812,14.817317962646484,14.855144500732422,14.84395980834961,12.350724220275879,12.358235359191895,12.59465217590332,12.524746894836426
0,16.190150022506714,0.0,0.0,0.0030682741198688745,4,1,0.0,0.0,29.626220703125,14.816113471984863,14.817315101623535,14.855131149291992,14.843953132629395,12.350708961486816,12.358220100402832,12.594568252563477,12.52470874786377
0,16.21197533607483,0.0,0.0,0.002271436620503664,4,0,0.0,0.0,29.626220703125,14.816110610961914,14.817312240600586,14.855117797851562,14.843947410583496,12.350693702697754,12.35820484161377,12.594484329223633,12.524670600891113
0,16.229907035827637,0.0,0.0,0.0013606826541945338,4,0,0.0,0.0,29.626220703125,14.816108703613281,14.81731128692627,14.855107307434082,14.843942642211914,12.350682258605957,12.358193397521973,12.59442138671875,12.524641990661621
0,16.247719764709473,0.0,0.0,0.0013548972783610225,4,0,0.0,0.0,29.626220703125,14.816107749938965,14.817309379577637,14.855098724365234,14.843938827514648,12.350672721862793,12.358183860778809,12.594368934631348,12.524618148803711
0,16.265278816223145,0.0,0.0,0.0025941836647689342,4,1,0.0,0.0,29.626220703125,14.816105842590332,14.817307472229004,14.85508918762207,14.843934059143066,12.350661277770996,12.358172416687012,12.594305992126465,12.524589538574219
0,16.285287141799927,0.0,0.0,0.002245454816147685,4,0,0.0,0.0,29.626220703125,14.8161039352417,14.817305564880371,14.855077743530273,14.843929290771484,12.350647926330566,12.358159065246582,12.594232559204102,12.524556159973145
0,16.302659511566162,0.0,0.0,0.0011902109254151583,4,0,0.0,0.0,29.626220703125,14.816102027893066,14.817303657531738,14.855067253112793,14.843924522399902,12.35063648223877,12.358147621154785,12.594169616699219,12.524527549743652
0,16.32701063156128,0.0,0.0,0.0009472708916291595,4,1,0.0,0.0,29.626220703125,14.816099166870117,14.817300796508789,14.855053901672363,14.843917846679688,12.350621223449707,12.358132362365723,12.594085693359375,12.524489402770996
0,16.34448528289795,0.0,0.0,0.0022430866956710815,4,1,0.0,0.0,29.626220703125,14.816097259521484,14.817298889160156,14.855043411254883,14.843914031982422,12.35060977935791,12.358120918273926,12.594022750854492,12.524460792541504
0,16.361669063568115,0.0,0.0,0.0009519862360320985,4,0,0.0,0.0,29.626220703125,14.816096305847168,14.81729793548584,14.855035781860352,14.843910217285156,12.350600242614746,12.358111381530762,12.59397029876709,12.524436950683594
0,16.380759477615356,0.0,0.0,0.0017082503763958812,4,1,0.0,0.0,29.626220703125,14.816093444824219,14.817296028137207,14.855023384094238,14.843904495239258,12.350586891174316,12.358098030090332,12.593896865844727,12.52440357208252
0,16.401440858840942,0.0,0.0,0.0029875594191253185,4,1,0.0,0.0,29.626220703125,14.816091537475586,14.817293167114258,14.855011940002441,14.84389877319336,12.350573539733887,12.358084678649902,12.593823432922363,12.524370193481445
0,16.41899347305298,0.0,0.0,0.0009951553074643016,4,0,0.0,0.0,29.626220703125,14.81609058380127,14.817292213439941,14.855003356933594,14.843894958496094,12.350564002990723,12.358075141906738,12.593770980834961,12.524346351623535
0,16.43770432472229,0.0,0.0,0.0020985861774533987,4,0,0.0,0.0,29.626220703125,14.81608772277832,14.817289352416992,14.854991912841797,14.843890190124512,12.350550651550293,12.358061790466309,12.593697547912598,12.524312973022461
0,16.456669330596924,0.0,0.0,0.0011872312752529979,4,1,0.0,0.0,29.626220703125,14.816085815429688,14.817288398742676,14.854981422424316,14.84388542175293,12.350539207458496,12.358050346374512,12.593634605407715,12.524284362792969
0,16.4761803150177,0.0,0.0,0.0014967508614063263,4,0,0.0,0.0,29.626220703125,14.816083908081055,14.817285537719727,14.854969024658203,14.843879699707031,12.350525856018066,12.358036994934082,12.593558311462402,12.524250984191895
0,16.495076656341553,0.0,0.0,0.0016821831231936812,4,0,0.0,0.0,29.626220703125,14.816082000732422,14.817283630371094,14.854958534240723,14.843875885009766,12.35051441192627,12.358025550842285,12.593489646911621,12.524222373962402
0,16.512659311294556,0.0,0.0,0.0008926178561523557,4,0,0.0,0.0,29.626220703125,14.816080093383789,14.817281723022461,14.854947090148926,14.843871116638184,12.350502967834473,12.358014106750488,12.59342098236084,12.52419376373291
0,16.530629873275757,0.0,0.0,0.0021146791987121105,4,0,0.0,0.0,29.626220703125,14.816078186035156,14.817280769348145,14.854936599731445,14.843866348266602,12.350491523742676,12.358002662658691,12.593352317810059,12.524165153503418
0,16.548232316970825,0.0,0.0,0.00160824169870466,4,1,0.0,0.0,29.626220703125,14.816076278686523,14.817278861999512,14.854925155639648,14.84386157989502,12.350480079650879,12.357991218566895,12.593283653259277,12.524136543273926
0,16.567071676254272,0.0,0.0,0.0025329110212624073,4,0,0.0,0.0,29.626220703125,14.816075325012207,14.817276954650879,14.854914665222168,14.843856811523438,12.350468635559082,12.357979774475098,12.593214988708496,12.524107933044434
0,16.584537744522095,0.0,0.0,0.00301534216850996,4,0,0.0,0.0,29.626220703125,14.816073417663574,14.817275047302246,14.854903221130371,14.843852996826172,12.350457191467285,12.3579683303833,12.593146324157715,12.524079322814941
0,16.60208034515381,0.0,0.0,0.0007225587614811957,4,1,0.0,0.0,29.626220703125,14.816071510314941,14.817273139953613,14.85489273071289,14.84384822845459,12.350445747375488,12.357956886291504,12.593077659606934,12.52405071258545
0,16.61958622932434,0.0,0.0,0.0011386439437046647,4,1,0.0,0.0,29.626220703125,14.816069602966309,14.817272186279297,14.854883193969727,14.843844413757324,12.350436210632324,12.35794734954834,12.59302043914795,12.524026870727539
0,16.63753581047058,0.0,0.0,0.0010811074171215296,4,0,0.0,0.0,29.626220703125,14.816067695617676,14.817270278930664,14.85487174987793,14.843839645385742,12.350424766540527,12.357935905456543,12.592951774597168,12.523998260498047
0,16.656585693359375,0.0,0.0,0.0006614284357056022,4,1,0.0,0.0,29.626220703125,14.816065788269043,14.817267417907715,14.854859352111816,14.843833923339844,12.350411415100098,12.357922554016113,12.59287166595459,12.523964881896973
0,16.675126314163208,0.0,0.0,0.0018600334879010916,4,1,0.0,0.0,29.626220703125,14.81606388092041,14.817265510559082,14.854848861694336,14.843830108642578,12.3503999710083,12.357911109924316,12.592803001403809,12.52393627166748
0,16.692683458328247,0.0,0.0,0.0013000258477404714,4,0,0.0,0.0,29.626220703125,14.816061973571777,14.817264556884766,14.854837417602539,14.843825340270996,12.350388526916504,12.35789966583252,12.592734336853027,12.523907661437988
0,16.71005892753601,0.0,0.0,0.00012205983512103558,4,0,0.0,0.0,29.626220703125,14.816060066223145,14.817262649536133,14.854825973510742,14.843820571899414,12.350377082824707,12.357888221740723,12.592665672302246,12.523879051208496
0,16.7292959690094,0.0,0.0,0.0006658218335360289,4,1,0.0,0.0,29.626220703125,14.816059112548828,14.8172607421875,14.854815483093262,14.843815803527832,12.35036563873291,12.357876777648926,12.592597007751465,12.523850440979004
0,16.748121738433838,0.0,0.0,0.0006152873393148184,4,1,0.0,0.0,29.626220703125,14.816057205200195,14.817258834838867,14.854804992675781,14.84381103515625,12.350354194641113,12.357865333557129,12.592528343200684,12.523821830749512
0,16.771232843399048,0.0,0.0,0.0022387884091585875,4,0,0.0,0.0,29.626220703125,14.816054344177246,14.817255973815918,14.854789733886719,14.843805313110352,12.35033893585205,12.357850074768066,12.592436790466309,12.523783683776855
0,16.790315628051758,0.0,0.0,0.0021083278115838766,4,0,0.0,0.0,29.626220703125,14.816052436828613,14.817254066467285,14.854779243469238,14.84380054473877,12.350327491760254,12.35783863067627,12.592368125915527,12.523755073547363
0,16.809677124023438,0.0,0.0,0.0017311795381829143,4,1,0.0,0.0,29.626220703125,14.81605052947998,14.817252159118652,14.854765892028809,14.843795776367188,12.350314140319824,12.35782527923584,12.59228801727295,12.523721694946289
0,16.827112913131714,0.0,0.0,0.0028754770755767822,4,0,0.0,0.0,29.626220703125,14.816048622131348,14.81725025177002,14.854757308959961,14.843791961669922,12.35030460357666,12.357815742492676,12.592230796813965,12.523697853088379
0,16.844598054885864,0.0,0.0,0.0009900197619572282,4,0,0.0,0.0,29.626220703125,14.816046714782715,14.817249298095703,14.854745864868164,14.84378719329834,12.350293159484863,12.357804298400879,12.592162132263184,12.523669242858887
0,16.861868143081665,0.0,0.0,0.0009752412443049252,4,0,0.0,0.0,29.626220703125,14.816044807434082,14.81724739074707,14.854734420776367,14.843782424926758,12.350281715393066,12.357792854309082,12.592093467712402,12.523640632629395
0,16.88078498840332,0.0,0.0,0.0009585851221345365,4,1,0.0,0.0,29.626220703125,14.816043853759766,14.817245483398438,14.854723930358887,14.843777656555176,12.35027027130127,12.357781410217285,12.592024803161621,12.523612022399902
0,16.909255266189575,0.0,0.0,0.0021107615903019905,4,0,0.0,0.0,29.626220703125,14.8160400390625,14.817241668701172,14.854705810546875,14.843770027160645,12.350251197814941,12.357762336730957,12.591910362243652,12.523564338684082
0,16.92732071876526,0.0,0.0,0.001432686811313033,4,0,0.0,0.0,29.626220703125,14.816038131713867,14.817239761352539,14.854694366455078,14.843765258789062,12.350239753723145,12.35775089263916,12.591841697692871,12.52353572845459
0,16.944620847702026,0.0,0.0,0.001916136359795928,4,1,0.0,0.0,29.626220703125,14.816036224365234,14.817237854003906,14.854683876037598,14.843761444091797,12.350228309631348,12.357739448547363,12.59177303314209,12.523507118225098
0,16.965316772460938,0.0,0.0,0.001925402320921421,4,0,0.0,0.0,29.626220703125,14.816034317016602,14.817235946655273,14.854671478271484,14.843755722045898,12.350214958190918,12.357726097106934,12.591692924499512,12.523473739624023
0,16.983005046844482,0.0,0.0,0.0003514527634251863,4,0,0.0,0.0,29.626220703125,14.816032409667969,14.81723403930664,14.854660034179688,14.843750953674316,12.350203514099121,12.357714653015137,12.59162425994873,12.523445129394531
0,17.000678539276123,0.0,0.0,0.0015449064085260034,4,1,0.0,0.0,29.626220703125,14.816030502319336,14.817233085632324,14.854650497436523,14.84374713897705,12.350193977355957,12.357705116271973,12.591567039489746,12.523421287536621
0,17.018398761749268,0.0,0.0,0.0010517979972064495,4,1,0.0,0.0,29.626220703125,14.81602954864502,14.817231178283691,14.854640007019043,14.843742370605469,12.35018253326416,12.357693672180176,12.591498374938965,12.523392677307129
0,17.039870738983154,0.0,0.0,0.0009478636202402413,4,0,0.0,0.0,29.626220703125,14.81602668762207,14.817228317260742,14.854625701904297,14.84373664855957,12.350167274475098,12.357678413391113,12.59140682220459,12.523354530334473
0,17.058449506759644,0.0,0.0,0.0018221366917714477,4,0,0.0,0.0,29.626220703125,14.816024780273438,14.81722640991211,14.8546142578125,14.843731880187988,12.3501558303833,12.357666969299316,12.591338157653809,12.52332592010498
0,17.076167583465576,0.0,0.0,0.0034026489593088627,4,1,0.0,0.0,29.626220703125,14.816022872924805,14.817224502563477,14.854602813720703,14.843727111816406,12.350144386291504,12.35765552520752,12.591269493103027,12.523297309875488
0,17.094428539276123,0.0,0.0,0.00407298794016242,4,0,0.0,0.0,29.626220703125,14.816020965576172,14.817222595214844,14.854592323303223,14.84372329711914,12.350132942199707,12.357644081115723,12.591200828552246,12.523268699645996
0,17.112000226974487,0.0,0.0,0.003826707601547241,4,0,0.0,0.0,29.626220703125,14.816020011901855,14.817221641540527,14.854582786560059,14.843719482421875,12.350123405456543,12.357634544372559,12.591143608093262,12.523244857788086
0,17.129645586013794,0.0,0.0,0.0021130151581019163,4,0,0.0,0.0,29.626220703125,14.816018104553223,14.817219734191895,14.854572296142578,14.843714714050293,12.350111961364746,12.357623100280762,12.59107494354248,12.523216247558594
0,17.14816927909851,0.0,0.0,0.003506527515128255,4,0,0.0,0.0,29.626220703125,14.816015243530273,14.817217826843262,14.854558944702148,14.843708992004395,12.350098609924316,12.357609748840332,12.590994834899902,12.52318286895752
0,17.169339656829834,0.0,0.0,0.001251792535185814,4,0,0.0,0.0,29.626220703125,14.81601333618164,14.817214965820312,14.854546546936035,14.843704223632812,12.350085258483887,12.357596397399902,12.590914726257324,12.523149490356445
0,17.187207221984863,0.0,0.0,0.00271220738068223,4,0,0.0,0.0,29.626220703125,14.816011428833008,14.81721305847168,14.854535102844238,14.84369945526123,12.35007381439209,12.357584953308105,12.590846061706543,12.523120880126953
0,17.204687356948853,0.0,0.0,0.003372402396053076,4,0,0.0,0.0,29.626220703125,14.816010475158691,14.817212104797363,14.85452651977539,14.843695640563965,12.350064277648926,12.357575416564941,12.590788841247559,12.523097038269043
0,17.22247624397278,0.0,0.0,0.0021300059743225574,4,0,0.0,0.0,29.626220703125,14.816008567810059,14.81721019744873,14.854515075683594,14.843690872192383,12.350052833557129,12.357563972473145,12.590720176696777,12.52306842803955
0,17.240158319473267,0.0,0.0,0.003062073839828372,4,0,0.0,0.0,29.626220703125,14.816006660461426,14.817208290100098,14.854504585266113,14.8436861038208,12.350041389465332,12.357552528381348,12.590651512145996,12.523039817810059
0,17.258049726486206,0.0,0.0,0.0026755265425890684,4,0,0.0,0.0,29.626220703125,14.816004753112793,14.817206382751465,14.854493141174316,14.843681335449219,12.350029945373535,12.35754108428955,12.590582847595215,12.523011207580566
0,17.275927782058716,0.0,0.0,0.0004642456187866628,4,0,0.0,0.0,29.626220703125,14.81600284576416,14.817204475402832,14.854482650756836,14.843677520751953,12.350018501281738,12.357529640197754,12.590514183044434,12.522982597351074
0,17.29755401611328,0.0,0.0,0.0019370649242773652,4,0,0.0,0.0,29.626220703125,14.816000938415527,14.8172025680542,14.854469299316406,14.843671798706055,12.350005149841309,12.357516288757324,12.590434074401855,12.52294921875
0,17.31714916229248,0.0,0.0,0.0017455455381423235,4,1,0.0,0.0,29.626220703125,14.815999031066895,14.817200660705566,14.854456901550293,14.843666076660156,12.349991798400879,12.357502937316895,12.590353965759277,12.522915840148926
0,17.335036993026733,0.0,0.0,0.0006692050956189632,4,1,0.0,0.0,29.626220703125,14.815997123718262,14.817198753356934,14.854445457458496,14.84366226196289,12.349980354309082,12.357491493225098,12.590285301208496,12.522887229919434
0,17.352771759033203,0.0,0.0,0.002084172796458006,4,0,0.0,0.0,29.626220703125,14.815995216369629,14.8171968460083,14.854434967041016,14.843657493591309,12.349968910217285,12.3574800491333,12.590216636657715,12.522858619689941
0,17.37217950820923,0.0,0.0,0.003199210623279214,4,0,0.0,0.0,29.626220703125,14.815993309020996,14.817194938659668,14.854423522949219,14.843652725219727,12.349957466125488,12.357468605041504,12.590147972106934,12.52283000946045
0,17.391655206680298,0.0,0.0,0.0024273463059216738,4,0,0.0,0.0,29.626220703125,14.815991401672363,14.817193031311035,14.854411125183105,14.843647003173828,12.349944114685059,12.357455253601074,12.590067863464355,12.522796630859375
0,17.40897536277771,0.0,0.0,0.0029776524752378464,4,0,0.0,0.0,29.626220703125,14.81598949432373,14.817191123962402,14.854401588439941,14.843643188476562,12.349934577941895,12.35744571685791,12.590010643005371,12.522772789001465
0,17.42656636238098,0.0,0.0,0.002737271599471569,4,0,0.0,0.0,29.626220703125,14.815987586975098,14.81718921661377,14.854391098022461,14.843639373779297,12.349923133850098,12.357434272766113,12.58994197845459,12.522744178771973
0,17.444375038146973,0.0,0.0,0.0028517083264887333,4,1,0.0,0.0,29.626220703125,14.815985679626465,14.817188262939453,14.854379653930664,14.843634605407715,12.3499116897583,12.357422828674316,12.589873313903809,12.52271556854248
0,17.46329402923584,0.0,0.0,0.0009256919147446752,4,0,0.0,0.0,29.626220703125,14.815983772277832,14.817185401916504,14.85436725616455,14.843628883361816,12.349898338317871,12.357409477233887,12.58979320526123,12.522682189941406
0,17.481399297714233,0.0,0.0,0.0025314840022474527,4,0,0.0,0.0,29.626220703125,14.815982818603516,14.817184448242188,14.854357719421387,14.84362506866455,12.349888801574707,12.357399940490723,12.589735984802246,12.522658348083496
0,17.498861074447632,0.0,0.0,0.0022094924934208393,4,0,0.0,0.0,29.626220703125,14.815980911254883,14.817182540893555,14.854347229003906,14.843620300292969,12.34987735748291,12.357388496398926,12.589667320251465,12.522629737854004
0,17.516143321990967,0.0,0.0,0.0016575373010709882,4,1,0.0,0.0,29.626220703125,14.81597900390625,14.817180633544922,14.85433578491211,14.843616485595703,12.349865913391113,12.357377052307129,12.589598655700684,12.522601127624512
0,17.536677360534668,0.0,0.0,0.001646062359213829,4,0,0.0,0.0,29.626220703125,14.8159761428833,14.817178726196289,14.85432243347168,14.843610763549805,12.349852561950684,12.3573637008667,12.589518547058105,12.522567749023438
0,17.5584659576416,0.0,0.0,0.001207438064739108,4,0,0.0,0.0,29.626220703125,14.815974235534668,14.81717586517334,14.854310035705566,14.843605041503906,12.349839210510254,12.35735034942627,12.589438438415527,12.522534370422363
0,17.578502655029297,0.0,0.0,0.000981473713181913,4,1,0.0,0.0,29.626220703125,14.815972328186035,14.817173957824707,14.854297637939453,14.843600273132324,12.349825859069824,12.35733699798584,12.58935832977295,12.522500991821289
0,17.595969438552856,0.0,0.0,0.00039941634167917073,4,0,0.0,0.0,29.626220703125,14.815970420837402,14.817172050476074,14.854286193847656,14.843595504760742,12.349814414978027,12.357325553894043,12.589289665222168,12.522472381591797
0,17.61435580253601,0.0,0.0,0.0014706110814586282,4,0,0.0,0.0,29.626220703125,14.81596851348877,14.817170143127441,14.854275703430176,14.84359073638916,12.34980297088623,12.357314109802246,12.589221000671387,12.522443771362305
0,17.631727933883667,0.0,0.0,0.0009214860037900507,4,0,0.0,0.0,29.626220703125,14.815966606140137,14.817168235778809,14.854264259338379,14.843585968017578,12.349791526794434,12.35730266571045,12.589152336120605,12.522415161132812
0,17.649216651916504,0.0,0.0,0.000887019676156342,4,1,0.0,0.0,29.626220703125,14.815964698791504,14.817166328430176,14.854253768920898,14.843582153320312,12.349780082702637,12.357291221618652,12.589083671569824,12.52238655090332
0,17.66652226448059,0.0,0.0,0.002428380772471428,4,1,0.0,0.0,29.626220703125,14.815963745117188,14.81716537475586,14.854244232177734,14.843578338623047,12.349770545959473,12.357281684875488,12.58902645111084,12.52236270904541
0,17.686405420303345,0.0,0.0,0.0015408964827656746,4,0,0.0,0.0,29.626220703125,14.815960884094238,14.817163467407227,14.854230880737305,14.843572616577148,12.349757194519043,12.357268333435059,12.588946342468262,12.522329330444336
0,17.704238414764404,0.0,0.0,0.0010118194622918963,4,0,0.0,0.0,29.626220703125,14.815959930419922,14.817161560058594,14.854220390319824,14.843567848205566,12.349745750427246,12.357256889343262,12.58887767791748,12.522300720214844
0,17.721606016159058,0.0,0.0,0.004023079760372639,4,1,0.0,0.0,29.626220703125,14.815958023071289,14.817159652709961,14.854209899902344,14.843563079833984,12.34973430633545,12.357245445251465,12.5888090133667,12.522272109985352
0,17.73943305015564,0.0,0.0,0.003635628614574671,4,1,0.0,0.0,29.626220703125,14.815956115722656,14.817157745361328,14.854198455810547,14.843559265136719,12.349722862243652,12.357234001159668,12.588740348815918,12.52224349975586
0,17.758394956588745,0.0,0.0,0.0031245662830770016,4,0,0.0,0.0,29.626220703125,14.815954208374023,14.817155838012695,14.85418701171875,14.843554496765137,12.349711418151855,12.357222557067871,12.588671684265137,12.522214889526367
0,17.777276754379272,0.0,0.0,0.00048076186794787645,4,0,0.0,0.0,29.626220703125,14.81595230102539,14.817153930664062,14.85417652130127,14.843549728393555,12.349699974060059,12.357211112976074,12.588603019714355,12.522186279296875
0,17.794772386550903,0.0,0.0,0.002241256646811962,4,1,0.0,0.0,29.626220703125,14.815950393676758,14.81715202331543,14.854166030883789,14.843544960021973,12.349688529968262,12.357199668884277,12.588534355163574,12.522157669067383
0,17.812223434448242,0.0,0.0,0.0022921080235391855,4,0,0.0,0.0,29.626220703125,14.815948486328125,14.817150115966797,14.854154586791992,14.84354019165039,12.349677085876465,12.35718822479248,12.588465690612793,12.52212905883789
0,17.830296516418457,0.0,0.0,0.0018996300641447306,4,0,0.0,0.0,29.626220703125,14.815946578979492,14.817148208618164,14.854143142700195,14.843536376953125,12.349665641784668,12.357176780700684,12.588397026062012,12.522100448608398
0,17.848899841308594,0.0,0.0,0.0017622621962800622,4,0,0.0,0.0,29.626220703125,14.81594467163086,14.817146301269531,14.854132652282715,14.843531608581543,12.349654197692871,12.357165336608887,12.58832836151123,12.522071838378906
0,17.8667151927948,0.0,0.0,0.001666425378061831,4,0,0.0,0.0,29.626220703125,14.815942764282227,14.817144393920898,14.854122161865234,14.843526840209961,12.349642753601074,12.35715389251709,12.58825969696045,12.522043228149414
0,17.885213375091553,0.0,0.0,0.000792186358012259,4,0,0.0,0.0,29.626220703125,14.815940856933594,14.817142486572266,14.854110717773438,14.843522071838379,12.349631309509277,12.357142448425293,12.588191032409668,12.522014617919922
0,17.904918909072876,0.0,0.0,0.0046541583724319935,4,1,0.0,0.0,29.626220703125,14.815938949584961,14.817140579223633,14.854098320007324,14.843517303466797,12.349617958068848,12.357129096984863,12.588114738464355,12.521981239318848
0,17.926021575927734,0.0,0.0,0.0021864946465939283,4,1,0.0,0.0,29.626220703125,14.815937042236328,14.817138671875,14.854086875915527,14.843511581420898,12.349604606628418,12.357115745544434,12.588041305541992,12.521947860717773
0,17.943504095077515,0.0,0.0,0.0030145125929266214,4,0,0.0,0.0,29.626220703125,14.815935134887695,14.817136764526367,14.854076385498047,14.843506813049316,12.349593162536621,12.357104301452637,12.58797836303711,12.521919250488281
0,17.9609317779541,0.0,0.0,0.0014149819035083055,4,0,0.0,0.0,29.626220703125,14.815933227539062,14.817134857177734,14.854068756103516,14.84350299835205,12.349583625793457,12.357094764709473,12.587925910949707,12.521895408630371
0,17.978488206863403,0.0,0.0,0.0019518681801855564,4,0,0.0,0.0,29.626220703125,14.81593132019043,14.817132949829102,14.854058265686035,14.843498229980469,12.34957218170166,12.357083320617676,12.587862968444824,12.521866798400879
0,17.99945092201233,0.0,0.0,0.001137991202995181,4,0,0.0,0.0,29.626220703125,14.815929412841797,14.817131042480469,14.854045867919922,14.843493461608887,12.34955883026123,12.357069969177246,12.587789535522461,12.521833419799805
0,18.017467975616455,0.0,0.0,0.0024977929424494505,4,1,0.0,0.0,29.626220703125,14.815927505493164,14.817129135131836,14.854036331176758,14.843488693237305,12.349547386169434,12.35705852508545,12.587726593017578,12.521804809570312
0,18.035054922103882,0.0,0.0,0.0016750677023082972,4,0,0.0,0.0,29.626220703125,14.815925598144531,14.817127227783203,14.854026794433594,14.843483924865723,12.349535942077637,12.357047080993652,12.587663650512695,12.52177619934082
0,18.05262541770935,0.0,0.0,0.0006978244637139142,4,0,0.0,0.0,29.626220703125,14.815923690795898,14.81712532043457,14.854016304016113,14.84347915649414,12.34952449798584,12.357035636901855,12.587600708007812,12.521747589111328
0,18.07310724258423,0.0,0.0,0.0012706484412774444,4,1,0.0,0.0,29.626220703125,14.815921783447266,14.817123413085938,14.85400390625,14.843474388122559,12.34951114654541,12.357022285461426,12.58752727508545,12.521714210510254
0,18.096729040145874,0.0,0.0,0.003542081220075488,4,0,0.0,0.0,29.626220703125,14.815919876098633,14.817121505737305,14.85399055480957,14.843467712402344,12.349495887756348,12.357007026672363,12.587443351745605,12.521676063537598
0,18.11417031288147,0.0,0.0,0.0028201041277498007,4,0,0.0,0.0,29.626220703125,14.81591796875,14.817119598388672,14.853981018066406,14.843463897705078,12.34948444366455,12.356995582580566,12.587380409240723,12.521647453308105
0,18.131625175476074,0.0,0.0,0.002399303251877427,4,0,0.0,0.0,29.626220703125,14.815916061401367,14.817117691040039,14.853972434997559,14.843460083007812,12.349474906921387,12.356986045837402,12.58732795715332,12.521623611450195
0,18.152376174926758,0.0,0.0,0.0005576084950007498,4,1,0.0,0.0,29.626220703125,14.815914154052734,14.817115783691406,14.853960990905762,14.843454360961914,12.349461555480957,12.356972694396973,12.587254524230957,12.521590232849121
0,18.16997003555298,0.0,0.0,0.0024402302224189043,4,0,0.0,0.0,29.626220703125,14.815912246704102,14.817113876342773,14.853950500488281,14.843449592590332,12.34945011138916,12.356961250305176,12.587191581726074,12.521561622619629
0,18.187864780426025,0.0,0.0,0.00343133183196187,4,0,0.0,0.0,29.626220703125,14.815910339355469,14.81711196899414,14.853940963745117,14.84344482421875,12.349438667297363,12.356949806213379,12.587128639221191,12.521533012390137
0,18.209312677383423,0.0,0.0,0.0025843754410743713,4,1,0.0,0.0,29.626220703125,14.815908432006836,14.817110061645508,14.853928565979004,14.843440055847168,12.349425315856934,12.35693645477295,12.587055206298828,12.521499633789062
0,18.227669715881348,0.0,0.0,0.0016330797225236893,4,1,0.0,0.0,29.626220703125,14.815906524658203,14.817108154296875,14.85391902923584,14.843435287475586,12.349413871765137,12.356925010681152,12.586992263793945,12.52147102355957
0,18.244861602783203,0.0,0.0,0.0022212285548448563,4,0,0.0,0.0,29.626220703125,14.81590461730957,14.817106246948242,14.85390853881836,14.843430519104004,12.34940242767334,12.356913566589355,12.586929321289062,12.521442413330078
0,18.262224435806274,0.0,0.0,0.0008074429933913052,4,0,0.0,0.0,29.626220703125,14.815902709960938,14.81710433959961,14.853899002075195,14.843425750732422,12.349390983581543,12.356902122497559,12.58686637878418,12.521413803100586
0,18.279664516448975,0.0,0.0,0.0007283732993528247,4,0,0.0,0.0,29.626220703125,14.815900802612305,14.817102432250977,14.853888511657715,14.843421936035156,12.349379539489746,12.356890678405762,12.586803436279297,12.521385192871094
0,18.297523021697998,0.0,0.0,0.001925027696415782,4,0,0.0,0.0,29.626220703125,14.815898895263672,14.817100524902344,14.853878021240234,14.843417167663574,12.34936809539795,12.356879234313965,12.586740493774414,12.521356582641602
0,18.315028429031372,0.0,0.0,0.0016265299636870623,4,0,0.0,0.0,29.626220703125,14.815896987915039,14.817098617553711,14.853870391845703,14.843413352966309,12.349358558654785,12.3568696975708,12.586688041687012,12.521332740783691
0,18.335766315460205,0.0,0.0,0.0019682508427649736,4,1,0.0,0.0,29.626220703125,14.815895080566406,14.817096710205078,14.853857040405273,14.843405723571777,12.349343299865723,12.356854438781738,12.586604118347168,12.521286964416504
0,18.3534996509552,0.0,0.0,0.0018721756059676409,4,0,0.0,0.0,29.626220703125,14.815893173217773,14.817094802856445,14.853846549987793,14.843400955200195,12.349331855773926,12.356842994689941,12.586541175842285,12.521252632141113
0,18.37143301963806,0.0,0.0,0.0028695177752524614,4,0,0.0,0.0,29.626220703125,14.81589126586914,14.817092895507812,14.853837966918945,14.843396186828613,12.349322319030762,12.356833457946777,12.586488723754883,12.521224021911621
0,18.388633489608765,0.0,0.0,0.002514041028916836,4,1,0.0,0.0,29.626220703125,14.815889358520508,14.81709098815918,14.853828430175781,14.843390464782715,12.349310874938965,12.35682201385498,12.58642578125,12.52118968963623
0,18.406763076782227,0.0,0.0,0.0017076616641134024,4,1,0.0,0.0,29.626220703125,14.815887451171875,14.817090034484863,14.8538179397583,14.843384742736816,12.349299430847168,12.356810569763184,12.586362838745117,12.52115535736084
0,18.425225019454956,0.0,0.0,0.00046925587230362,4,0,0.0,0.0,29.626220703125,14.815885543823242,14.81708812713623,14.85380744934082,14.843379974365234,12.349287986755371,12.356799125671387,12.586299896240234,12.52112102508545
0,18.443238735198975,0.0,0.0,0.00085285963723436,4,0,0.0,0.0,29.626220703125,14.81588363647461,14.817085266113281,14.853796005249023,14.84337329864502,12.349274635314941,12.356785774230957,12.586226463317871,12.52108097076416
0,18.461474180221558,0.0,0.0,0.0034041095059365034,4,1,0.0,0.0,29.626220703125,14.815882682800293,14.817084312438965,14.853788375854492,14.843368530273438,12.349265098571777,12.356776237487793,12.586174011230469,12.521052360534668
0,18.48639178276062,0.0,0.0,0.0015564545756205916,4,0,0.0,0.0,29.626220703125,14.815879821777344,14.817081451416016,14.85377311706543,14.84335994720459,12.349247932434082,12.356759071350098,12.586079597473145,12.521000862121582
0,18.50949215888977,0.0,0.0,0.003312142565846443,4,0,0.0,0.0,29.626220703125,14.815877914428711,14.817079544067383,14.853760719299316,14.843353271484375,12.349234580993652,12.356745719909668,12.586006164550781,12.520960807800293
0,18.528934717178345,0.0,0.0,0.001892423490062356,4,0,0.0,0.0,29.626220703125,14.815876007080078,14.81707763671875,14.85374927520752,14.843347549438477,12.349221229553223,12.356732368469238,12.585932731628418,12.520920753479004
0,18.54700231552124,0.0,0.0,0.0027526619378477335,4,0,0.0,0.0,29.626220703125,14.815874099731445,14.817075729370117,14.853738784790039,14.843341827392578,12.349209785461426,12.356720924377441,12.585869789123535,12.520886421203613
0,18.564428091049194,0.0,0.0,0.0019647458102554083,4,0,0.0,0.0,29.626220703125,14.815872192382812,14.817073822021484,14.853729248046875,14.84333610534668,12.349198341369629,12.356709480285645,12.585806846618652,12.520852088928223
0,18.582716464996338,0.0,0.0,0.0006671020528301597,4,0,0.0,0.0,29.626220703125,14.81587028503418,14.817071914672852,14.853718757629395,14.843330383300781,12.349186897277832,12.356698036193848,12.58574390411377,12.520817756652832
0,18.600834608078003,0.0,0.0,0.002396343508735299,4,0,0.0,0.0,29.626220703125,14.815868377685547,14.817070007324219,14.85370922088623,14.8433256149292,12.349175453186035,12.35668659210205,12.585680961608887,12.520783424377441
0,18.620845556259155,0.0,0.0,0.0019876162987202406,4,0,0.0,0.0,29.626220703125,14.815866470336914,14.817068099975586,14.853696823120117,14.843318939208984,12.349162101745605,12.356673240661621,12.585607528686523,12.520743370056152
0,18.64138412475586,0.0,0.0,0.0018678571796044707,4,0,0.0,0.0,29.626220703125,14.815864562988281,14.817066192626953,14.853687286376953,14.843313217163086,12.349150657653809,12.356661796569824,12.58554458618164,12.520709037780762
0,18.66207790374756,0.0,0.0,0.0031460917089134455,4,1,0.0,0.0,29.626220703125,14.815861701965332,14.81706428527832,14.853675842285156,14.843307495117188,12.349137306213379,12.356648445129395,12.585471153259277,12.520668983459473
0,18.680944681167603,0.0,0.0,0.0013909684494137764,4,0,0.0,0.0,29.626220703125,14.815860748291016,14.817062377929688,14.853665351867676,14.843301773071289,12.349125862121582,12.356637001037598,12.585408210754395,12.520634651184082
0,18.701265573501587,0.0,0.0,0.0016966710099950433,4,0,0.0,0.0,29.626220703125,14.815857887268066,14.817059516906738,14.853653907775879,14.843295097351074,12.349112510681152,12.356623649597168,12.585334777832031,12.520594596862793
0,18.718874216079712,0.0,0.0,0.00045849476009607315,4,0,0.0,0.0,29.626220703125,14.815855979919434,14.817058563232422,14.853643417358398,14.843289375305176,12.349101066589355,12.356612205505371,12.585271835327148,12.520560264587402
0,18.736957788467407,0.0,0.0,0.00027979922015219927,4,1,0.0,0.0,29.626220703125,14.8158540725708,14.817056655883789,14.853633880615234,14.843284606933594,12.349089622497559,12.356600761413574,12.585208892822266,12.520525932312012
0,18.75647282600403,0.0,0.0,0.001215105876326561,4,0,0.0,0.0,29.626220703125,14.815852165222168,14.81705379486084,14.853621482849121,14.843277931213379,12.349076271057129,12.356587409973145,12.585135459899902,12.520485877990723
0,18.774085760116577,0.0,0.0,0.0002800497750286013,4,0,0.0,0.0,29.626220703125,14.815850257873535,14.817051887512207,14.853611946105957,14.84327220916748,12.349064826965332,12.356575965881348,12.58507251739502,12.520451545715332
0,18.792428493499756,0.0,0.0,0.0009796272497624159,4,0,0.0,0.0,29.626220703125,14.815848350524902,14.81705093383789,14.853601455688477,14.843266487121582,12.349053382873535,12.35656452178955,12.585009574890137,12.520417213439941
0,18.811028242111206,0.0,0.0,0.0016104286769405007,4,1,0.0,0.0,29.626220703125,14.81584644317627,14.817049026489258,14.853591918945312,14.84326171875,12.349041938781738,12.356553077697754,12.584946632385254,12.52038288116455
0,18.8306245803833,0.0,0.0,0.00031548234983347356,4,0,0.0,0.0,29.626220703125,14.815845489501953,14.817047119140625,14.853581428527832,14.843255996704102,12.349030494689941,12.356541633605957,12.584883689880371,12.52034854888916
0,18.84815502166748,0.0,0.0,0.0011652050307020545,4,0,0.0,0.0,29.626220703125,14.81584358215332,14.817045211791992,14.853570938110352,14.843250274658203,12.349019050598145,12.35653018951416,12.584820747375488,12.52031421661377
0,18.86729907989502,0.0,0.0,0.0002772273146547377,4,1,0.0,0.0,29.626220703125,14.815840721130371,14.81704330444336,14.853559494018555,14.843243598937988,12.349005699157715,12.35651683807373,12.584747314453125,12.52027416229248
0,18.885807275772095,0.0,0.0,0.0009800429688766599,4,0,0.0,0.0,29.626220703125,14.815838813781738,14.817041397094727,14.85354995727539,14.843238830566406,12.348994255065918,12.356505393981934,12.584684371948242,12.52023983001709
0,18.903740882873535,0.0,0.0,0.0005855410709045827,4,0,0.0,0.0,29.626220703125,14.815837860107422,14.817039489746094,14.85353946685791,14.843233108520508,12.348982810974121,12.356493949890137,12.58462142944336,12.5202054977417
0,18.92210030555725,0.0,0.0,0.0022569724824279547,4,1,0.0,0.0,29.626220703125,14.815835952758789,14.817037582397461,14.85352897644043,14.84322738647461,12.348971366882324,12.35648250579834,12.584558486938477,12.520171165466309
0,18.943662405014038,0.0,0.0,0.0014083792921155691,4,1,0.0,0.0,29.626220703125,14.81583309173584,14.817035675048828,14.853517532348633,14.843220710754395,12.348958015441895,12.35646915435791,12.584485054016113,12.52013111114502
0,18.964070320129395,0.0,0.0,0.0014042386319488287,4,0,0.0,0.0,29.626220703125,14.815831184387207,14.817032814025879,14.853506088256836,14.84321403503418,12.348944664001465,12.35645580291748,12.58441162109375,12.52009105682373
0,18.98144006729126,0.0,0.0,0.0011173313250765204,4,0,0.0,0.0,29.626220703125,14.815829277038574,14.817030906677246,14.853495597839355,14.843209266662598,12.348933219909668,12.356444358825684,12.584348678588867,12.52005672454834
0,19.000253677368164,0.0,0.0,0.003329493338242173,4,0,0.0,0.0,29.626220703125,14.815827369689941,14.817028999328613,14.853486061096191,14.8432035446167,12.348921775817871,12.356432914733887,12.584285736083984,12.52002239227295
0,19.018139362335205,0.0,0.0,0.0008771980064921081,4,0,0.0,0.0,29.626220703125,14.815825462341309,14.817028045654297,14.853475570678711,14.8431978225708,12.348910331726074,12.35642147064209,12.584222793579102,12.519988059997559
0,19.03549551963806,0.0,0.0,0.0020601104479283094,4,0,0.0,0.0,29.626220703125,14.815823554992676,14.817026138305664,14.853466033935547,14.843193054199219,12.348898887634277,12.356410026550293,12.584159851074219,12.519953727722168
0,19.05465292930603,0.0,0.0,0.004058556165546179,4,0,0.0,0.0,29.626220703125,14.81582260131836,14.817024230957031,14.853455543518066,14.84318733215332,12.34888744354248,12.356398582458496,12.584096908569336,12.519919395446777
0,19.076478004455566,0.0,0.0,0.002787698060274124,4,1,0.0,0.0,29.626220703125,14.81581974029541,14.817021369934082,14.85344409942627,14.843180656433105,12.34887409210205,12.356385231018066,12.584023475646973,12.519879341125488
0,19.095273733139038,0.0,0.0,0.002341692103073001,4,0,0.0,0.0,29.626220703125,14.815817832946777,14.81701946258545,14.853431701660156,14.84317398071289,12.348860740661621,12.356371879577637,12.58395004272461,12.5198392868042
0,19.112732648849487,0.0,0.0,0.0028760575223714113,4,0,0.0,0.0,29.626220703125,14.815815925598145,14.817018508911133,14.853424072265625,14.843170166015625,12.348851203918457,12.356362342834473,12.583897590637207,12.519810676574707
0,19.130875825881958,0.0,0.0,0.0022910928819328547,4,0,0.0,0.0,29.626220703125,14.815814018249512,14.817015647888184,14.853411674499512,14.84316349029541,12.348837852478027,12.356348991394043,12.583824157714844,12.519770622253418
0,19.148947954177856,0.0,0.0,0.002185935853049159,4,0,0.0,0.0,29.626220703125,14.815812110900879,14.81701374053955,14.853402137756348,14.843157768249512,12.34882640838623,12.356337547302246,12.583761215209961,12.519736289978027
0,19.166828870773315,0.0,0.0,0.0022230998147279024,4,0,0.0,0.0,29.626220703125,14.815811157226562,14.817012786865234,14.8533935546875,14.84315299987793,12.348816871643066,12.356328010559082,12.583708763122559,12.519707679748535
0,19.186694622039795,0.0,0.0,0.0032824226655066013,4,0,0.0,0.0,29.626220703125,14.815808296203613,14.817010879516602,14.853382110595703,14.843147277832031,12.348803520202637,12.356314659118652,12.583635330200195,12.519667625427246
0,19.208420515060425,0.0,0.0,0.002680696314200759,4,1,0.0,0.0,29.626220703125,14.81580638885498,14.817008018493652,14.85336971282959,14.843140602111816,12.348790168762207,12.356301307678223,12.583561897277832,12.519627571105957
0,19.22840642929077,0.0,0.0,0.0036678335163742304,4,0,0.0,0.0,29.626220703125,14.815804481506348,14.81700611114502,14.853358268737793,14.843133926391602,12.348776817321777,12.356287956237793,12.583488464355469,12.519587516784668
0,19.24614381790161,0.0,0.0,0.0011870443122461438,4,0,0.0,0.0,29.626220703125,14.815802574157715,14.817004203796387,14.853347778320312,14.843128204345703,12.34876537322998,12.356276512145996,12.583425521850586,12.519553184509277
0,19.264607191085815,0.0,0.0,0.001007329672574997,4,1,0.0,0.0,29.626220703125,14.815800666809082,14.817002296447754,14.853338241577148,14.843122482299805,12.348753929138184,12.3562650680542,12.583362579345703,12.519518852233887
0,19.283422708511353,0.0,0.0,0.0021756349597126245,4,0,0.0,0.0,29.626220703125,14.81579875946045,14.817000389099121,14.853327751159668,14.843117713928223,12.348742485046387,12.356253623962402,12.58329963684082,12.519484519958496
0,19.300872325897217,0.0,0.0,0.0012128442758694291,4,0,0.0,0.0,29.626220703125,14.815796852111816,14.816998481750488,14.853318214416504,14.843111991882324,12.34873104095459,12.356242179870605,12.583236694335938,12.519450187683105
0,19.319926261901855,0.0,0.0,0.0010655248770490289,4,0,0.0,0.0,29.626220703125,14.815794944763184,14.816997528076172,14.853307723999023,14.843106269836426,12.348719596862793,12.356230735778809,12.583173751831055,12.519415855407715
0,19.342320203781128,0.0,0.0,0.0010810139356181026,4,1,0.0,0.0,29.626220703125,14.81579303741455,14.816994667053223,14.853294372558594,14.843099594116211,12.34870433807373,12.356215476989746,12.583089828491211,12.519370079040527
0,19.362671852111816,0.0,0.0,0.0018240802455693483,4,0,0.0,0.0,29.626220703125,14.815790176391602,14.816991806030273,14.853282928466797,14.843092918395996,12.3486909866333,12.356202125549316,12.583016395568848,12.519330024719238
0,19.380801916122437,0.0,0.0,0.0009702161769382656,4,0,0.0,0.0,29.626220703125,14.815788269042969,14.816990852355957,14.853272438049316,14.843087196350098,12.348679542541504,12.35619068145752,12.582953453063965,12.519295692443848
0,19.39966368675232,0.0,0.0,0.0006535622524097562,4,1,0.0,0.0,29.626220703125,14.815786361694336,14.816988945007324,14.853261947631836,14.843082427978516,12.348668098449707,12.356179237365723,12.582890510559082,12.519261360168457
0,19.417614459991455,0.0,0.0,0.0027049859054386616,4,0,0.0,0.0,29.626220703125,14.81578540802002,14.816987037658691,14.853252410888672,14.843076705932617,12.34865665435791,12.356167793273926,12.5828275680542,12.519227027893066
0,19.43518352508545,0.0,0.0,0.002946335356682539,4,0,0.0,0.0,29.626220703125,14.815783500671387,14.816985130310059,14.853242874145508,14.843070983886719,12.348645210266113,12.356156349182129,12.582764625549316,12.519192695617676
0,19.45301079750061,0.0,0.0,0.0022829605732113123,4,1,0.0,0.0,29.626220703125,14.815781593322754,14.816983222961426,14.853232383728027,14.84306526184082,12.348633766174316,12.356144905090332,12.582701683044434,12.519158363342285
0,19.47543501853943,0.0,0.0,0.0035167899914085865,4,1,0.0,0.0,29.626220703125,14.815778732299805,14.816981315612793,14.853219985961914,14.843059539794922,12.348620414733887,12.356131553649902,12.58262825012207,12.519118309020996
0,19.493836641311646,0.0,0.0,0.0017094854265451431,4,0,0.0,0.0,29.626220703125,14.815777778625488,14.81697940826416,14.85321044921875,14.843053817749023,12.34860897064209,12.356120109558105,12.582565307617188,12.519083976745605
0,19.51122546195984,0.0,0.0,0.0023872461169958115,4,0,0.0,0.0,29.626220703125,14.815775871276855,14.816977500915527,14.853200912475586,14.843048095703125,12.348597526550293,12.356108665466309,12.582502365112305,12.519049644470215
0,19.52896523475647,0.0,0.0,0.0032881065271794796,4,1,0.0,0.0,29.626220703125,14.815773963928223,14.816975593566895,14.853190422058105,14.843042373657227,12.348586082458496,12.356097221374512,12.582439422607422,12.519015312194824
0,19.547149419784546,0.0,0.0,0.0017405105754733086,4,1,0.0,0.0,29.626220703125,14.81577205657959,14.816973686218262,14.853179931640625,14.843036651611328,12.3485746383667,12.356085777282715,12.582376480102539,12.518980979919434
0,19.56445574760437,0.0,0.0,0.0027465091552585363,4,0,0.0,0.0,29.626220703125,14.815770149230957,14.816971778869629,14.853170394897461,14.84303092956543,12.348563194274902,12.356074333190918,12.582313537597656,12.518946647644043
0,19.582843542099,0.0,0.0,0.0017176616238430142,4,0,0.0,0.0,29.626220703125,14.815768241882324,14.816969871520996,14.85315990447998,14.843026161193848,12.348551750183105,12.356062889099121,12.582250595092773,12.518912315368652
0,19.6044020652771,0.0,0.0,0.002781239105388522,4,1,0.0,0.0,29.626220703125,14.815766334533691,14.816967964172363,14.853148460388184,14.843019485473633,12.348538398742676,12.356049537658691,12.58217716217041,12.518872261047363
0,19.622843027114868,0.0,0.0,0.004962862469255924,4,0,0.0,0.0,29.626220703125,14.815764427185059,14.81696605682373,14.853137969970703,14.843013763427734,12.348526954650879,12.356038093566895,12.582114219665527,12.518837928771973
0,19.640170574188232,0.0,0.0,0.004548936616629362,4,0,0.0,0.0,29.626220703125,14.815762519836426,14.816964149475098,14.853128433227539,14.843008041381836,12.348515510559082,12.356026649475098,12.582051277160645,12.518803596496582
0,19.65833592414856,0.0,0.0,0.0032049505971372128,4,0,0.0,0.0,29.626220703125,14.815760612487793,14.816962242126465,14.853117942810059,14.843003273010254,12.348504066467285,12.3560152053833,12.581988334655762,12.518769264221191
0,19.676060914993286,0.0,0.0,0.0025338036939501762,4,1,0.0,0.0,29.626220703125,14.81575870513916,14.816960334777832,14.853108406066895,14.842997550964355,12.348492622375488,12.356003761291504,12.581925392150879,12.5187349319458
0,19.694016218185425,0.0,0.0,0.00379677745513618,4,0,0.0,0.0,29.626220703125,14.815756797790527,14.816959381103516,14.853097915649414,14.842991828918457,12.348481178283691,12.355992317199707,12.581862449645996,12.51870059967041
0,19.712712049484253,0.0,0.0,0.0020220568403601646,4,0,0.0,0.0,29.626220703125,14.815754890441895,14.816957473754883,14.85308837890625,14.842987060546875,12.348469734191895,12.35598087310791,12.581799507141113,12.51866626739502
0,19.734644174575806,0.0,0.0,0.0015393567737191916,4,0,0.0,0.0,29.626220703125,14.815752983093262,14.816954612731934,14.85307502746582,14.842979431152344,12.348454475402832,12.355965614318848,12.58171558380127,12.518620491027832
0,19.75347590446472,0.0,0.0,0.0033655178267508745,4,0,0.0,0.0,29.626220703125,14.815751075744629,14.8169527053833,14.85306453704834,14.842973709106445,12.348443031311035,12.35595417022705,12.581652641296387,12.518586158752441
0,19.77099871635437,0.0,0.0,0.0015410304768010974,4,0,0.0,0.0,29.626220703125,14.815749168395996,14.816950798034668,14.85305404663086,14.842967987060547,12.348431587219238,12.355942726135254,12.581589698791504,12.51855182647705
0,19.790217876434326,0.0,0.0,0.001246967469342053,4,0,0.0,0.0,29.626220703125,14.815747261047363,14.816948890686035,14.853044509887695,14.842962265014648,12.348420143127441,12.355931282043457,12.581526756286621,12.51851749420166
0,19.80748748779297,0.0,0.0,0.0013687452301383018,4,1,0.0,0.0,29.626220703125,14.81574535369873,14.816946983337402,14.853034019470215,14.842957496643066,12.348408699035645,12.35591983795166,12.581463813781738,12.51848316192627
0,19.82492184638977,0.0,0.0,0.0024549593217670918,4,0,0.0,0.0,29.626220703125,14.815743446350098,14.81694507598877,14.85302448272705,14.842951774597168,12.348397254943848,12.355908393859863,12.581400871276855,12.518448829650879
0,19.84251117706299,0.0,0.0,0.0024319621734321117,4,0,0.0,0.0,29.626220703125,14.815741539001465,14.816944122314453,14.85301399230957,14.84294605255127,12.34838581085205,12.355896949768066,12.581337928771973,12.518414497375488
0,19.86079454421997,0.0,0.0,0.0019071069546043873,4,0,0.0,0.0,29.626220703125,14.815739631652832,14.81694221496582,14.853004455566406,14.842941284179688,12.348374366760254,12.35588550567627,12.58127498626709,12.518380165100098
0,19.881628036499023,0.0,0.0,0.00151072780136019,4,1,0.0,0.0,29.626220703125,14.8157377243042,14.816939353942871,14.852992057800293,14.842934608459473,12.348361015319824,12.35587215423584,12.581201553344727,12.518340110778809
0,19.90497612953186,0.0,0.0,0.0030944831669330597,4,0,0.0,0.0,29.626220703125,14.815735816955566,14.816937446594238,14.852980613708496,14.842927932739258,12.348347663879395,12.35585880279541,12.581128120422363,12.51830005645752
0,19.923432111740112,0.0,0.0,0.003346807323396206,4,0,0.0,0.0,29.626220703125,14.815732955932617,14.816935539245605,14.852968215942383,14.84292221069336,12.348334312438965,12.35584545135498,12.5810546875,12.51826000213623
0,19.942349433898926,0.0,0.0,0.00033291999716311693,4,1,0.0,0.0,29.626220703125,14.8157320022583,14.816933631896973,14.852958679199219,14.842916488647461,12.348322868347168,12.355834007263184,12.580991744995117,12.51822566986084
0,19.9596951007843,0.0,0.0,0.00285215862095356,4,0,0.0,0.0,29.626220703125,14.815730094909668,14.81693172454834,14.852949142456055,14.842910766601562,12.348311424255371,12.355822563171387,12.580928802490234,12.51819133758545
0,19.978952646255493,0.0,0.0,0.002836966421455145,4,0,0.0,0.0,29.626220703125,14.815728187561035,14.816929817199707,14.852938652038574,14.842905044555664,12.348299980163574,12.35581111907959,12.580865859985352,12.518157005310059
0,20.000555276870728,0.0,0.0,0.004013521131128073,4,1,0.0,0.0,29.626220703125,14.815725326538086,14.816927909851074,14.852926254272461,14.842899322509766,12.348286628723145,12.35579776763916,12.580792427062988,12.51811695098877
0,20.02057981491089,0.0,0.0,0.001753143034875393,4,0,0.0,0.0,29.626220703125,14.815723419189453,14.816925048828125,14.852914810180664,14.84289264678955,12.348273277282715,12.35578441619873,12.580718994140625,12.51807689666748
0,20.038210153579712,0.0,0.0,0.00326084834523499,4,0,0.0,0.0,29.626220703125,14.81572151184082,14.816923141479492,14.8529052734375,14.842886924743652,12.348261833190918,12.355772972106934,12.580656051635742,12.51804256439209
0,20.05667757987976,0.0,0.0,0.002584614558145404,4,0,0.0,0.0,29.626220703125,14.815719604492188,14.816922187805176,14.85289478302002,14.842881202697754,12.348250389099121,12.355761528015137,12.58059310913086,12.5180082321167
0,20.074556827545166,0.0,0.0,0.0023606799077242613,4,0,0.0,0.0,29.626220703125,14.815717697143555,14.816920280456543,14.852884292602539,14.842876434326172,12.348238945007324,12.35575008392334,12.580530166625977,12.517973899841309
0,20.093042135238647,0.0,0.0,0.0017195434775203466,4,0,0.0,0.0,29.626220703125,14.815716743469238,14.81691837310791,14.852874755859375,14.842870712280273,12.348227500915527,12.355738639831543,12.580467224121094,12.517939567565918
0,20.111116886138916,0.0,0.0,0.0021362565457820892,4,1,0.0,0.0,29.626220703125,14.815714836120605,14.816916465759277,14.852865219116211,14.842864990234375,12.34821605682373,12.355727195739746,12.580404281616211,12.517905235290527
0,20.13272190093994,0.0,0.0,0.002152858767658472,4,0,0.0,0.0,29.626220703125,14.815711975097656,14.816913604736328,14.852850914001465,14.842857360839844,12.348200798034668,12.355711936950684,12.580316543579102,12.51785945892334
0,20.15260362625122,0.0,0.0,0.0017531899502500892,4,0,0.0,0.0,29.626220703125,14.815710067749023,14.816911697387695,14.852839469909668,14.842851638793945,12.348189353942871,12.355700492858887,12.58024787902832,12.517826080322266
0,20.170516967773438,0.0,0.0,0.0035956711508333683,4,1,0.0,0.0,29.626220703125,14.81570816040039,14.816909790039062,14.852828979492188,14.84284782409668,12.348177909851074,12.35568904876709,12.580179214477539,12.517797470092773
0,20.19038200378418,0.0,0.0,0.00254472391679883,4,0,0.0,0.0,29.626220703125,14.815706253051758,14.81690788269043,14.852815628051758,14.842842102050781,12.348164558410645,12.35567569732666,12.580099105834961,12.5177640914917
0,20.208326816558838,0.0,0.0,0.002361802849918604,4,0,0.0,0.0,29.626220703125,14.815704345703125,14.816905975341797,14.852805137634277,14.842838287353516,12.348153114318848,12.355664253234863,12.58003044128418,12.517735481262207
0,20.226482629776,0.0,0.0,0.0032033687457442284,4,0,0.0,0.0,29.626220703125,14.815702438354492,14.816904067993164,14.85279369354248,14.842832565307617,12.34814167022705,12.355652809143066,12.579961776733398,12.517706871032715
0,20.245903730392456,0.0,0.0,0.0029163213912397623,4,0,0.0,0.0,29.626220703125,14.81570053100586,14.816902160644531,14.852783203125,14.842828750610352,12.348130226135254,12.35564136505127,12.579893112182617,12.517678260803223
0,20.26343011856079,0.0,0.0,0.003040226409211755,4,1,0.0,0.0,29.626220703125,14.815698623657227,14.816900253295898,14.852771759033203,14.84282398223877,12.348118782043457,12.355629920959473,12.579824447631836,12.51764965057373
0,20.282589435577393,0.0,0.0,0.0038297330029308796,4,0,0.0,0.0,29.626220703125,14.815696716308594,14.816899299621582,14.852761268615723,14.842819213867188,12.34810733795166,12.355618476867676,12.579755783081055,12.517621040344238
0,20.301783561706543,0.0,0.0,0.0017521203262731433,4,0,0.0,0.0,29.626220703125,14.815694808959961,14.816896438598633,14.852747917175293,14.842813491821289,12.34809398651123,12.355605125427246,12.579675674438477,12.517587661743164
0,20.322993278503418,0.0,0.0,0.0022295766975730658,4,1,0.0,0.0,29.626220703125,14.815692901611328,14.81689453125,14.85273551940918,14.842808723449707,12.3480806350708,12.355591773986816,12.579595565795898,12.51755428314209
0,20.340908527374268,0.0,0.0,0.0024389580357819796,4,0,0.0,0.0,29.626220703125,14.815690994262695,14.816892623901367,14.852724075317383,14.842803955078125,12.348069190979004,12.35558032989502,12.579526901245117,12.517525672912598
0,20.361462354660034,0.0,0.0,0.0017609338974580169,4,0,0.0,0.0,29.626220703125,14.815689086914062,14.816890716552734,14.85271167755127,14.842798233032227,12.348055839538574,12.35556697845459,12.579446792602539,12.517492294311523
0,20.379683256149292,0.0,0.0,0.0024223157670348883,4,1,0.0,0.0,29.626220703125,14.81568717956543,14.816888809204102,14.852700233459473,14.842794418334961,12.348044395446777,12.355555534362793,12.579378128051758,12.517463684082031
0,20.465986967086792,0.0,0.0,0.0010901550995185971,4,0,0.0,0.0,29.626220703125,14.815678596496582,14.816880226135254,14.85264778137207,14.842771530151367,12.347989082336426,12.355500221252441,12.579046249389648,12.517325401306152
0,20.490094661712646,0.0,0.0,0.0021516720298677683,4,0,0.0,0.0,29.626220703125,14.815675735473633,14.816877365112305,14.852632522583008,14.842765808105469,12.347973823547363,12.355484962463379,12.578954696655273,12.517287254333496
0,20.50968027114868,0.0,0.0,0.001154629630036652,4,0,0.0,0.0,29.626220703125,14.815673828125,14.816875457763672,14.852622032165527,14.842761993408203,12.347962379455566,12.355473518371582,12.578886032104492,12.517258644104004
0,20.529606580734253,0.0,0.0,0.0011945529840886593,4,0,0.0,0.0,29.626220703125,14.815671920776367,14.816873550415039,14.852608680725098,14.842756271362305,12.347949028015137,12.355460166931152,12.578805923461914,12.51722526550293
0,20.548025131225586,0.0,0.0,0.0022163097746670246,4,0,0.0,0.0,29.626220703125,14.815670013427734,14.816871643066406,14.852598190307617,14.842751502990723,12.34793758392334,12.355448722839355,12.578737258911133,12.517196655273438
0,20.565961360931396,0.0,0.0,0.0026902537792921066,4,0,0.0,0.0,29.626220703125,14.815668106079102,14.816869735717773,14.85258674621582,14.84274673461914,12.347926139831543,12.355437278747559,12.578668594360352,12.517168045043945
0,20.58736276626587,0.0,0.0,0.0034990510903298855,4,0,0.0,0.0,29.626220703125,14.815666198730469,14.81686782836914,14.852574348449707,14.842741012573242,12.347912788391113,12.355423927307129,12.578588485717773,12.517134666442871
0,20.605280876159668,0.0,0.0,0.0029430596623569727,4,1,0.0,0.0,29.626220703125,14.815664291381836,14.816865921020508,14.85256290435791,14.842737197875977,12.347901344299316,12.355412483215332,12.578519821166992,12.517106056213379
0,20.623727321624756,0.0,0.0,0.0034085067454725504,4,0,0.0,0.0,29.626220703125,14.815662384033203,14.816864013671875,14.85255241394043,14.842732429504395,12.34788990020752,12.355401039123535,12.578451156616211,12.517077445983887
0,20.641894578933716,0.0,0.0,0.0003650121798273176,4,0,0.0,0.0,29.626220703125,14.81566047668457,14.816862106323242,14.852540969848633,14.842727661132812,12.347878456115723,12.355389595031738,12.57838249206543,12.517048835754395
0,20.659761905670166,0.0,0.0,0.0036312867887318134,4,0,0.0,0.0,29.626220703125,14.815658569335938,14.81686019897461,14.852530479431152,14.842723846435547,12.347867012023926,12.355378150939941,12.578313827514648,12.517020225524902
0,20.6802396774292,0.0,0.0,0.002852475270628929,4,1,0.0,0.0,29.626220703125,14.815656661987305,14.816858291625977,14.852518081665039,14.842718124389648,12.347853660583496,12.355364799499512,12.578234672546387,12.516986846923828
0,20.700454711914062,0.0,0.0,0.002556400140747428,4,0,0.0,0.0,29.626220703125,14.815654754638672,14.816856384277344,14.852505683898926,14.84271240234375,12.347840309143066,12.355351448059082,12.578161239624023,12.516953468322754
0,20.7214834690094,0.0,0.0,0.000556920247618109,4,0,0.0,0.0,29.626220703125,14.815652847290039,14.816854476928711,14.852494239807129,14.842706680297852,12.347826957702637,12.355338096618652,12.57808780670166,12.51692008972168
0,20.741894960403442,0.0,0.0,0.0013011490227654576,4,0,0.0,0.0,29.626220703125,14.81564998626709,14.816852569580078,14.852481842041016,14.84270191192627,12.347813606262207,12.355324745178223,12.578014373779297,12.516886711120605
0,20.759525775909424,0.0,0.0,0.0005842254031449556,4,0,0.0,0.0,29.626220703125,14.815649032592773,14.816850662231445,14.852474212646484,14.842698097229004,12.347804069519043,12.355315208435059,12.577961921691895,12.516862869262695
0,20.7770574092865,0.0,0.0,0.0024993603583425283,4,0,0.0,0.0,29.626220703125,14.81564712524414,14.816848754882812,14.852463722229004,14.842693328857422,12.347792625427246,12.355303764343262,12.577898979187012,12.516834259033203
0,20.796855449676514,0.0,0.0,0.002214523497968912,4,1,0.0,0.0,29.626220703125,14.815645217895508,14.81684684753418,14.852452278137207,14.842687606811523,12.347779273986816,12.355290412902832,12.577825546264648,12.516800880432129
0,20.82576274871826,0.0,0.0,0.00250113639049232,4,0,0.0,0.0,29.626220703125,14.815641403198242,14.81684398651123,14.852437019348145,14.842681884765625,12.347762107849121,12.355273246765137,12.577731132507324,12.51675796508789
0,20.843451976776123,0.0,0.0,0.002341183600947261,4,0,0.0,0.0,29.626220703125,14.815640449523926,14.816842079162598,14.852426528930664,14.842676162719727,12.347750663757324,12.35526180267334,12.577668190002441,12.5167236328125
0,20.86080312728882,0.0,0.0,0.0022803309839218855,4,1,0.0,0.0,29.626220703125,14.815638542175293,14.816840171813965,14.8524169921875,14.842670440673828,12.347739219665527,12.355250358581543,12.577605247497559,12.51668930053711
0,20.879963874816895,0.0,0.0,0.000612278061453253,4,1,0.0,0.0,29.626220703125,14.815635681152344,14.816838264465332,14.852405548095703,14.842663764953613,12.347725868225098,12.355237007141113,12.577531814575195,12.51664924621582
0,20.89777374267578,0.0,0.0,0.002268741838634014,4,0,0.0,0.0,29.626220703125,14.815634727478027,14.8168363571167,14.852396965026855,14.842658996582031,12.347716331481934,12.35522747039795,12.577479362487793,12.516620635986328
0,20.91501259803772,0.0,0.0,0.0022824027109891176,4,0,0.0,0.0,29.626220703125,14.815632820129395,14.816834449768066,14.852386474609375,14.842653274536133,12.347704887390137,12.355216026306152,12.57741641998291,12.516586303710938
0,20.932387590408325,0.0,0.0,0.0005372620071284473,4,0,0.0,0.0,29.626220703125,14.815630912780762,14.816832542419434,14.852376937866211,14.84264850616455,12.34769344329834,12.355204582214355,12.577353477478027,12.516551971435547
0,20.958764791488647,0.0,0.0,0.0020563961006700993,4,0,0.0,0.0,29.626220703125,14.815628051757812,14.816829681396484,14.852361679077148,14.842639923095703,12.347676277160645,12.35518741607666,12.577259063720703,12.516500473022461
0,20.97651958465576,0.0,0.0,0.0023288228549063206,4,0,0.0,0.0,29.626220703125,14.81562614440918,14.816827774047852,14.852351188659668,14.842634201049805,12.347664833068848,12.355175971984863,12.57719612121582,12.51646614074707
0,20.99412989616394,0.0,0.0,0.0019357157871127129,4,1,0.0,0.0,29.626220703125,14.815624237060547,14.816825866699219,14.852341651916504,14.842629432678223,12.34765338897705,12.355164527893066,12.577133178710938,12.51643180847168
0,21.012352228164673,0.0,0.0,0.0020198493730276823,4,1,0.0,0.0,29.626220703125,14.815622329711914,14.816823959350586,14.852331161499023,14.842623710632324,12.347641944885254,12.35515308380127,12.577070236206055,12.516397476196289
0,21.03195333480835,0.0,0.0,0.001782389241270721,4,0,0.0,0.0,29.626220703125,14.815620422363281,14.81682300567627,14.85232162475586,14.842617988586426,12.347630500793457,12.355141639709473,12.577007293701172,12.516363143920898
0,21.053856372833252,0.0,0.0,0.001224628766067326,4,0,0.0,0.0,29.626220703125,14.815618515014648,14.81682014465332,14.852309226989746,14.842611312866211,12.347617149353027,12.355128288269043,12.576933860778809,12.51632308959961
0,21.071276426315308,0.0,0.0,0.00016081797366496176,4,1,0.0,0.0,29.626220703125,14.815616607666016,14.816818237304688,14.852299690246582,14.842606544494629,12.34760570526123,12.355116844177246,12.576870918273926,12.516288757324219
0,21.08919930458069,0.0,0.0,0.0010984974214807153,4,1,0.0,0.0,29.626220703125,14.815614700317383,14.816816329956055,14.852289199829102,14.84260082244873,12.347594261169434,12.35510540008545,12.576807975769043,12.516254425048828
0,21.108657836914062,0.0,0.0,0.00017715594731271267,4,0,0.0,0.0,29.626220703125,14.81561279296875,14.816814422607422,14.852277755737305,14.842594146728516,12.347580909729004,12.35509204864502,12.57673454284668,12.516214370727539
0,21.12661075592041,0.0,0.0,0.0005808304995298386,4,0,0.0,0.0,29.626220703125,14.815610885620117,14.816812515258789,14.852267265319824,14.842588424682617,12.347569465637207,12.355080604553223,12.576671600341797,12.516180038452148
0,21.146512031555176,0.0,0.0,0.0007902708020992577,4,1,0.0,0.0,29.626220703125,14.815608978271484,14.816810607910156,14.85225772857666,14.842583656311035,12.34755802154541,12.355069160461426,12.576608657836914,12.516145706176758
0,21.16612434387207,0.0,0.0,0.0009929564548656344,4,0,0.0,0.0,29.626220703125,14.815607070922852,14.816808700561523,14.852245330810547,14.84257698059082,12.34754467010498,12.355055809020996,12.57653522491455,12.516105651855469
0,21.184123754501343,0.0,0.0,0.0007856652373448014,4,0,0.0,0.0,29.626220703125,14.815605163574219,14.81680679321289,14.852235794067383,14.842571258544922,12.347533226013184,12.3550443649292,12.576472282409668,12.516071319580078
0,21.202040672302246,0.0,0.0,0.0008046040893532336,4,1,0.0,0.0,29.626220703125,14.815603256225586,14.816804885864258,14.852225303649902,14.842565536499023,12.347521781921387,12.355032920837402,12.576409339904785,12.516036987304688
0,21.22143006324768,0.0,0.0,0.0004551201418507844,4,1,0.0,0.0,29.626220703125,14.815601348876953,14.816802978515625,14.852215766906738,14.842560768127441,12.34751033782959,12.355021476745605,12.576346397399902,12.516002655029297
0,21.241172552108765,0.0,0.0,0.000549726071767509,4,0,0.0,0.0,29.626220703125,14.81559944152832,14.816801071166992,14.852203369140625,14.842554092407227,12.34749698638916,12.355008125305176,12.576272964477539,12.515962600708008
0,21.258963584899902,0.0,0.0,0.000511384685523808,4,1,0.0,0.0,29.626220703125,14.815597534179688,14.81679916381836,14.852193832397461,14.842548370361328,12.347485542297363,12.354996681213379,12.576210021972656,12.515928268432617
0,21.27745008468628,0.0,0.0,0.0017474470660090446,4,1,0.0,0.0,29.626220703125,14.815595626831055,14.816797256469727,14.85218334197998,14.84254264831543,12.347474098205566,12.354985237121582,12.576147079467773,12.515893936157227
0,21.29602360725403,0.0,0.0,0.0008680839673615992,4,1,0.0,0.0,29.626220703125,14.815593719482422,14.816795349121094,14.852173805236816,14.842537879943848,12.34746265411377,12.354973793029785,12.57608413696289,12.515859603881836
0,21.315732955932617,0.0,0.0,0.0009693937026895583,4,0,0.0,0.0,29.626220703125,14.815591812133789,14.816793441772461,14.852161407470703,14.842531204223633,12.34744930267334,12.354960441589355,12.576010704040527,12.515819549560547
0,21.334513425827026,0.0,0.0,0.0005880334065295756,4,0,0.0,0.0,29.626220703125,14.815589904785156,14.816791534423828,14.852151870727539,14.842525482177734,12.347437858581543,12.354948997497559,12.575947761535645,12.515785217285156
0,21.35199522972107,0.0,0.0,0.0012621667701750994,4,1,0.0,0.0,29.626220703125,14.815587997436523,14.816789627075195,14.852141380310059,14.842519760131836,12.347426414489746,12.354937553405762,12.575884819030762,12.515750885009766
0,21.36959409713745,0.0,0.0,0.0038122714031487703,4,0,0.0,0.0,29.626220703125,14.81558609008789,14.816787719726562,14.852131843566895,14.842514991760254,12.34741497039795,12.354926109313965,12.575821876525879,12.515716552734375
0,21.391188859939575,0.0,0.0,0.002373687457293272,4,0,0.0,0.0,29.626220703125,14.815584182739258,14.81678581237793,14.852119445800781,14.842508316040039,12.34740161895752,12.354912757873535,12.575743675231934,12.515676498413086
0,21.41041898727417,0.0,0.0,0.001087079057469964,4,1,0.0,0.0,29.626220703125,14.815582275390625,14.816783905029297,14.852108001708984,14.84250259399414,12.347390174865723,12.354901313781738,12.575675010681152,12.515642166137695
0,21.43412494659424,0.0,0.0,0.003008024301379919,4,0,0.0,0.0,29.626220703125,14.815580368041992,14.816781997680664,14.852093696594238,14.84249496459961,12.34737491607666,12.354886054992676,12.575584411621094,12.515596389770508
0,21.45180892944336,0.0,0.0,0.0020971191115677357,4,1,0.0,0.0,29.626220703125,14.81557846069336,14.816780090332031,14.852083206176758,14.842490196228027,12.347363471984863,12.354874610900879,12.575521469116211,12.515562057495117
0,21.47680902481079,0.0,0.0,0.0022970845457166433,4,0,0.0,0.0,29.626220703125,14.81557559967041,14.816777229309082,14.852067947387695,14.84248161315918,12.347346305847168,12.354857444763184,12.575427055358887,12.515510559082031
0,21.494779586791992,0.0,0.0,0.0030460215639322996,4,0,0.0,0.0,29.626220703125,14.815573692321777,14.816776275634766,14.852060317993164,14.842476844787598,12.347336769104004,12.35484790802002,12.575377464294434,12.515481948852539
0,21.512516736984253,0.0,0.0,0.0029570686165243387,4,0,0.0,0.0,29.626220703125,14.815571784973145,14.816774368286133,14.85205078125,14.842472076416016,12.347325325012207,12.354836463928223,12.57532024383545,12.515447616577148
0,21.530497789382935,0.0,0.0,0.0024073540698736906,4,1,0.0,0.0,29.626220703125,14.815570831298828,14.8167724609375,14.852042198181152,14.842466354370117,12.34731388092041,12.354825019836426,12.575263023376465,12.515413284301758
0,21.555487632751465,0.0,0.0,0.00247818510979414,4,0,0.0,0.0,29.626220703125,14.815567016601562,14.81676959991455,14.852027893066406,14.84245777130127,12.347296714782715,12.35480785369873,12.575177192687988,12.515361785888672
0,21.575295448303223,0.0,0.0,0.00032399516203440726,4,0,0.0,0.0,29.626220703125,14.81556510925293,14.816767692565918,14.852019309997559,14.842453002929688,12.347285270690918,12.354796409606934,12.575119972229004,12.515327453613281
0,21.59460473060608,0.0,0.0,0.002798378234729171,4,0,0.0,0.0,29.626220703125,14.815563201904297,14.816764831542969,14.852008819580078,14.842446327209473,12.347271919250488,12.354783058166504,12.575053215026855,12.515287399291992
0,21.61231780052185,0.0,0.0,0.0019156931666657329,4,1,0.0,0.0,29.626220703125,14.815561294555664,14.816762924194336,14.851999282836914,14.842440605163574,12.347260475158691,12.354771614074707,12.574995994567871,12.515253067016602
0,21.62998104095459,0.0,0.0,0.0022350731305778027,4,1,0.0,0.0,29.626220703125,14.815560340881348,14.81676197052002,14.851991653442383,14.842435836791992,12.347250938415527,12.354762077331543,12.57494831085205,12.51522445678711
0,21.647093057632446,0.0,0.0,0.002483702963218093,4,0,0.0,0.0,29.626220703125,14.815558433532715,14.816760063171387,14.851982116699219,14.842430114746094,12.34723949432373,12.354750633239746,12.574891090393066,12.515190124511719
0,21.66505217552185,0.0,0.0,0.001128936419263482,4,0,0.0,0.0,29.626220703125,14.815556526184082,14.816758155822754,14.851973533630371,14.842424392700195,12.347228050231934,12.35473918914795,12.574832916259766,12.515155792236328
0,21.684980630874634,0.0,0.0,0.0021080553997308016,4,1,0.0,0.0,29.626220703125,14.81555461883545,14.816756248474121,14.851961135864258,14.842418670654297,12.347214698791504,12.35472583770752,12.574759483337402,12.515115737915039
0,21.70223331451416,0.0,0.0,0.0033883776050060987,4,0,0.0,0.0,29.626220703125,14.815552711486816,14.816754341125488,14.851951599121094,14.842412948608398,12.347203254699707,12.354714393615723,12.57469654083252,12.515081405639648
0,21.72305703163147,0.0,0.0,0.002675151452422142,4,0,0.0,0.0,29.626220703125,14.815549850463867,14.816752433776855,14.851940155029297,14.8424072265625,12.347189903259277,12.354701042175293,12.574623107910156,12.51504135131836
0,21.744586944580078,0.0,0.0,0.0011585208121687174,4,1,0.0,0.0,29.626220703125,14.815547943115234,14.816749572753906,14.851927757263184,14.842400550842285,12.347176551818848,12.354687690734863,12.574549674987793,12.51500129699707
0,21.770329475402832,0.0,0.0,0.004565961193293333,4,0,0.0,0.0,29.626220703125,14.815546035766602,14.816747665405273,14.851914405822754,14.842392921447754,12.347161293029785,12.3546724319458,12.57446575164795,12.514955520629883
0,21.788086414337158,0.0,0.0,0.002904438180848956,4,0,0.0,0.0,29.626220703125,14.815544128417969,14.81674575805664,14.851903915405273,14.842387199401855,12.347149848937988,12.354660987854004,12.574402809143066,12.514921188354492
0,21.806424617767334,0.0,0.0,0.0017291378462687135,4,1,0.0,0.0,29.626220703125,14.815542221069336,14.816743850708008,14.85189437866211,14.842382431030273,12.347138404846191,12.354649543762207,12.574339866638184,12.514886856079102
0,21.825457096099854,0.0,0.0,0.005701558664441109,4,1,0.0,0.0,29.626220703125,14.815540313720703,14.816741943359375,14.851882934570312,14.842374801635742,12.347125053405762,12.354636192321777,12.57426643371582,12.514840126037598
0,21.846060752868652,0.0,0.0,0.003935628104954958,4,0,0.0,0.0,29.626220703125,14.81553840637207,14.816740036010742,14.851871490478516,14.842367172241211,12.347111701965332,12.354622840881348,12.574193000793457,12.514793395996094
0,21.863850593566895,0.0,0.0,0.0028930555563420057,4,0,0.0,0.0,29.626220703125,14.815536499023438,14.81673812866211,14.851861000061035,14.842360496520996,12.347100257873535,12.35461139678955,12.574130058288574,12.514753341674805
0,21.881611824035645,0.0,0.0,0.0036680109333246946,4,1,0.0,0.0,29.626220703125,14.815534591674805,14.816736221313477,14.851852416992188,14.842355728149414,12.347090721130371,12.354601860046387,12.574077606201172,12.51471996307373
0,21.902647495269775,0.0,0.0,0.0017972032073885202,4,0,0.0,0.0,29.626220703125,14.815532684326172,14.816734313964844,14.851839065551758,14.84234619140625,12.347075462341309,12.354586601257324,12.573993682861328,12.514666557312012
0,21.924659252166748,0.0,0.0,0.0032979079987853765,4,0,0.0,0.0,29.626220703125,14.815529823303223,14.816731452941895,14.851827621459961,14.842339515686035,12.347062110900879,12.354573249816895,12.573920249938965,12.514619827270508
0,21.943552255630493,0.0,0.0,0.0025144738610833883,4,0,0.0,0.0,29.626220703125,14.81552791595459,14.816730499267578,14.85181713104248,14.84233283996582,12.347050666809082,12.354561805725098,12.573857307434082,12.514579772949219
0,21.96245527267456,0.0,0.0,0.0019799901638180017,4,1,0.0,0.0,29.626220703125,14.815526008605957,14.816728591918945,14.851806640625,14.842326164245605,12.347039222717285,12.3545503616333,12.573790550231934,12.51453971862793
0,21.98017930984497,0.0,0.0,0.003002675250172615,4,0,0.0,0.0,29.626220703125,14.81552505493164,14.816726684570312,14.851795196533203,14.84231948852539,12.347027778625488,12.354538917541504,12.573721885681152,12.51449966430664
0,22.004353523254395,0.0,0.0,0.0005322128999978304,4,0,0.0,0.0,29.626220703125,14.815522193908691,14.816723823547363,14.851780891418457,14.84231185913086,12.347012519836426,12.354523658752441,12.573630332946777,12.514446258544922
0,22.02307915687561,0.0,0.0,0.003066391684114933,4,1,0.0,0.0,29.626220703125,14.815520286560059,14.81672191619873,14.851770401000977,14.842305183410645,12.347001075744629,12.354512214660645,12.573561668395996,12.514406204223633
0,22.04205060005188,0.0,0.0,0.0038788248784840107,4,0,0.0,0.0,29.626220703125,14.815518379211426,14.816720008850098,14.851757049560547,14.842297554016113,12.3469877243042,12.354498863220215,12.573481559753418,12.514359474182129
0,22.06165885925293,0.0,0.0,0.0030291464645415545,4,0,0.0,0.0,29.626220703125,14.815516471862793,14.816718101501465,14.85174560546875,14.842290878295898,12.346976280212402,12.354487419128418,12.573412895202637,12.514314651489258
0,22.07907795906067,0.0,0.0,0.003977819811552763,4,1,0.0,0.0,29.626220703125,14.81551456451416,14.816716194152832,14.85173511505127,14.842283248901367,12.346964836120605,12.354475975036621,12.573344230651855,12.51426887512207
0,22.096659898757935,0.0,0.0,0.0007305958424694836,4,0,0.0,0.0,29.626220703125,14.815512657165527,14.8167142868042,14.851724624633789,14.842275619506836,12.346953392028809,12.354464530944824,12.573275566101074,12.514223098754883
0,22.116464614868164,0.0,0.0,0.0009691101731732488,4,0,0.0,0.0,29.626220703125,14.815510749816895,14.816712379455566,14.85171127319336,14.842267036437988,12.346940040588379,12.354451179504395,12.573195457458496,12.514169692993164
0,22.134315252304077,0.0,0.0,0.00238283583894372,4,1,0.0,0.0,29.626220703125,14.815508842468262,14.816710472106934,14.851699829101562,14.842260360717773,12.346928596496582,12.354439735412598,12.573126792907715,12.514123916625977
0,22.15543246269226,0.0,0.0,0.0019401473691686988,4,0,0.0,0.0,29.626220703125,14.815505981445312,14.8167085647583,14.85168743133545,14.842251777648926,12.346915245056152,12.354426383972168,12.573046684265137,12.514073371887207
0,22.17346477508545,0.0,0.0,0.0016297479160130024,4,0,0.0,0.0,29.626220703125,14.81550407409668,14.816706657409668,14.851676940917969,14.842245101928711,12.346903800964355,12.354414939880371,12.572978019714355,12.514033317565918
0,22.192845582962036,0.0,0.0,0.000697750539984554,4,0,0.0,0.0,29.626220703125,14.815503120422363,14.816704750061035,14.851665496826172,14.842239379882812,12.346892356872559,12.354403495788574,12.572909355163574,12.513995170593262
0,22.21011710166931,0.0,0.0,0.002874069381505251,4,0,0.0,0.0,29.626220703125,14.81550121307373,14.816702842712402,14.851654052734375,14.842233657836914,12.346880912780762,12.354392051696777,12.572840690612793,12.513960838317871
0,22.23013424873352,0.0,0.0,0.002117541618645191,4,0,0.0,0.0,29.626220703125,14.815498352050781,14.81670093536377,14.851641654968262,14.842227935791016,12.346867561340332,12.354378700256348,12.572760581970215,12.513920783996582
0,22.24774742126465,0.0,0.0,0.0029237212147563696,4,0,0.0,0.0,29.626220703125,14.815497398376465,14.816699028015137,14.851633071899414,14.842222213745117,12.346858024597168,12.354369163513184,12.57270336151123,12.51389217376709
0,22.268644332885742,0.0,0.0,0.0012922082096338272,4,0,0.0,0.0,29.626220703125,14.815495491027832,14.816697120666504,14.851619720458984,14.842216491699219,12.346844673156738,12.354355812072754,12.572623252868652,12.5138521194458
0,22.293015003204346,0.0,0.0,0.0029677480924874544,4,0,0.0,0.0,29.626220703125,14.815492630004883,14.816694259643555,14.851603507995605,14.842207908630371,12.346827507019043,12.354338645935059,12.57252025604248,12.513800621032715
0,22.311169385910034,0.0,0.0,0.0020080693066120148,4,0,0.0,0.0,29.626220703125,14.81549072265625,14.816692352294922,14.851592063903809,14.842203140258789,12.346816062927246,12.354327201843262,12.5724515914917,12.513766288757324
0,22.32911729812622,0.0,0.0,0.0021486300975084305,4,0,0.0,0.0,29.626220703125,14.815488815307617,14.816690444946289,14.851581573486328,14.84219741821289,12.34680461883545,12.354315757751465,12.572382926940918,12.513731956481934
0,22.347540140151978,0.0,0.0,0.0016096680192276835,4,0,0.0,0.0,29.626220703125,14.815486907958984,14.816688537597656,14.851570129394531,14.842191696166992,12.346793174743652,12.354304313659668,12.572314262390137,12.513697624206543
0,22.36497950553894,0.0,0.0,0.0004664655134547502,4,1,0.0,0.0,29.626220703125,14.815485000610352,14.816686630249023,14.851560592651367,14.84218692779541,12.346783638000488,12.354294776916504,12.572257041931152,12.51366901397705
0,22.38288640975952,0.0,0.0,0.0006764085846953094,4,1,0.0,0.0,29.626220703125,14.815483093261719,14.816685676574707,14.851550102233887,14.842182159423828,12.346772193908691,12.354283332824707,12.572188377380371,12.51363468170166
0,22.40081262588501,0.0,0.0,0.0018788832239806652,4,0,0.0,0.0,29.626220703125,14.815481185913086,14.816683769226074,14.851539611816406,14.84217643737793,12.346760749816895,12.35427188873291,12.57211971282959,12.51360034942627
0,22.4182870388031,0.0,0.0,0.0019127600826323032,4,0,0.0,0.0,29.626220703125,14.81548023223877,14.816681861877441,14.85152816772461,14.842170715332031,12.346749305725098,12.354260444641113,12.572051048278809,12.513566017150879
0,22.436505794525146,0.0,0.0,0.001650551101192832,4,0,0.0,0.0,29.626220703125,14.815478324890137,14.816679954528809,14.851516723632812,14.842164993286133,12.3467378616333,12.354249000549316,12.571982383728027,12.513531684875488
0,22.456647872924805,0.0,0.0,0.0019834693521261215,4,0,0.0,0.0,29.626220703125,14.815475463867188,14.816678047180176,14.8515043258667,14.842159271240234,12.346724510192871,12.354235649108887,12.57190227508545,12.5134916305542
0,22.47586488723755,0.0,0.0,0.0007733827224001288,4,0,0.0,0.0,29.626220703125,14.815473556518555,14.816675186157227,14.851491928100586,14.84215259552002,12.346711158752441,12.354222297668457,12.571822166442871,12.51345157623291
0,22.49516749382019,0.0,0.0,0.002197402063757181,4,0,0.0,0.0,29.626220703125,14.815471649169922,14.816673278808594,14.851480484008789,14.842146873474121,12.346699714660645,12.35421085357666,12.57175350189209,12.51341724395752
0,22.5149564743042,0.0,0.0,0.0019377779681235552,4,0,0.0,0.0,29.626220703125,14.815469741821289,14.816671371459961,14.851469039916992,14.842141151428223,12.346688270568848,12.354199409484863,12.571684837341309,12.513382911682129
0,22.53412103652954,0.0,0.0,0.0007528128335252404,4,1,0.0,0.0,29.626220703125,14.815467834472656,14.816669464111328,14.851456642150879,14.842134475708008,12.346674919128418,12.354186058044434,12.57160472869873,12.51334285736084
0,22.551751852035522,0.0,0.0,0.0023846980184316635,4,1,0.0,0.0,29.626220703125,14.815465927124023,14.816667556762695,14.851446151733398,14.842129707336426,12.346663475036621,12.354174613952637,12.57153606414795,12.51330852508545
0,22.570536851882935,0.0,0.0,0.002662711078301072,4,0,0.0,0.0,29.626220703125,14.81546401977539,14.816665649414062,14.851434707641602,14.842123985290527,12.346652030944824,12.35416316986084,12.571467399597168,12.513274192810059
0,22.59337282180786,0.0,0.0,0.0003521895268931985,4,1,0.0,0.0,29.626220703125,14.815462112426758,14.81666374206543,14.851420402526855,14.842116355895996,12.346640586853027,12.354147911071777,12.571375846862793,12.513228416442871
0,22.61243987083435,0.0,0.0,0.001679729437455535,4,1,0.0,0.0,29.626220703125,14.815462112426758,14.816661834716797,14.851408958435059,14.842111587524414,12.346634864807129,12.35413646697998,12.571307182312012,12.51319408416748
0,22.633480310440063,0.0,0.0,0.001870518084615469,4,0,0.0,0.0,29.626220703125,14.815460205078125,14.816659927368164,14.851396560668945,14.8421049118042,12.346628189086914,12.35412311553955,12.571227073669434,12.513154029846191
0,22.651805639266968,0.0,0.0,0.0002224585332442075,4,1,0.0,0.0,29.626220703125,14.815460205078125,14.816658020019531,14.851385116577148,14.8420991897583,12.346622467041016,12.354111671447754,12.571158409118652,12.5131196975708
0,22.66963768005371,0.0,0.0,0.001565883168950677,4,1,0.0,0.0,29.626220703125,14.815458297729492,14.816656112670898,14.851374626159668,14.842093467712402,12.346616744995117,12.354100227355957,12.571089744567871,12.51308536529541
0,22.68721342086792,0.0,0.0,0.0026138576213270426,4,0,0.0,0.0,29.626220703125,14.815458297729492,14.816654205322266,14.851363182067871,14.84208869934082,12.346611022949219,12.35408878326416,12.57102108001709,12.51305103302002
0,22.705561876296997,0.0,0.0,0.0033956733532249928,4,0,0.0,0.0,29.626220703125,14.81545639038086,14.816652297973633,14.85135269165039,14.842082977294922,12.34660530090332,12.354077339172363,12.570952415466309,12.513016700744629
0,22.730329513549805,0.0,0.0,0.002249116776511073,4,0,0.0,0.0,29.626220703125,14.815455436706543,14.816650390625,14.851337432861328,14.84207534790039,12.346597671508789,12.3540620803833,12.570856094360352,12.512970924377441
0,22.749276876449585,0.0,0.0,0.0012115363497287035,4,1,0.0,0.0,29.626220703125,14.815454483032227,14.81664752960205,14.851323127746582,14.842068672180176,12.346590995788574,12.354048728942871,12.570769309997559,12.512930870056152
0,22.767157316207886,0.0,0.0,0.002427504863590002,4,0,0.0,0.0,29.626220703125,14.81545352935791,14.816646575927734,14.851310729980469,14.842063903808594,12.346585273742676,12.354037284851074,12.570694923400879,12.512896537780762
0,22.786234617233276,0.0,0.0,0.0033814026974141598,4,0,0.0,0.0,29.626220703125,14.815452575683594,14.816644668579102,14.851299285888672,14.842058181762695,12.346579551696777,12.354025840759277,12.5706205368042,12.512862205505371
0,22.804192066192627,0.0,0.0,0.002128507476300001,4,1,0.0,0.0,29.626220703125,14.815451622009277,14.816642761230469,14.851287841796875,14.842052459716797,12.346573829650879,12.35401439666748,12.57054615020752,12.51282787322998
0,22.828056573867798,0.0,0.0,0.004695117473602295,4,0,0.0,0.0,29.626220703125,14.815450668334961,14.81663990020752,14.851271629333496,14.842044830322266,12.346566200256348,12.353999137878418,12.570446968078613,12.512782096862793
0,22.845921516418457,0.0,0.0,0.0026787426322698593,4,0,0.0,0.0,29.626220703125,14.815449714660645,14.816637992858887,14.851259231567383,14.842039108276367,12.34656047821045,12.353987693786621,12.570372581481934,12.512747764587402
0,22.86478042602539,0.0,0.0,0.002418409800156951,4,1,0.0,0.0,29.626220703125,14.815448760986328,14.816636085510254,14.851247787475586,14.842034339904785,12.34655475616455,12.353976249694824,12.570298194885254,12.512713432312012
0,22.886164903640747,0.0,0.0,0.003452625125646591,4,1,0.0,0.0,29.626220703125,14.815447807312012,14.816634178161621,14.851234436035156,14.84202766418457,12.346548080444336,12.353962898254395,12.570211410522461,12.512673377990723
0,22.90878677368164,0.0,0.0,0.004518609493970871,4,0,0.0,0.0,29.626220703125,14.815446853637695,14.816631317138672,14.851218223571777,14.842020034790039,12.346540451049805,12.353947639465332,12.570112228393555,12.512627601623535
0,22.927572011947632,0.0,0.0,0.002009630436077714,4,0,0.0,0.0,29.626220703125,14.815445899963379,14.816629409790039,14.851205825805664,14.842015266418457,12.346534729003906,12.353936195373535,12.570037841796875,12.512593269348145
0,22.954341173171997,0.0,0.0,0.0014811555156484246,4,1,0.0,0.0,29.626220703125,14.815443992614746,14.816627502441406,14.851188659667969,14.84200668334961,12.346526145935059,12.35391902923584,12.569926261901855,12.512541770935059
0,22.97205138206482,0.0,0.0,0.004028840456157923,4,0,0.0,0.0,29.626220703125,14.81544303894043,14.816625595092773,14.851176261901855,14.842000961303711,12.34652042388916,12.353907585144043,12.569851875305176,12.512507438659668
0,22.99018120765686,0.0,0.0,0.0017214175313711166,4,0,0.0,0.0,29.626220703125,14.815442085266113,14.81662368774414,14.851163864135742,14.841995239257812,12.346514701843262,12.353896141052246,12.569777488708496,12.512473106384277
0,23.008982181549072,0.0,0.0,0.0015263044042512774,4,1,0.0,0.0,29.626220703125,14.815441131591797,14.816621780395508,14.851152420043945,14.84199047088623,12.346508979797363,12.35388469696045,12.569703102111816,12.512438774108887
0,23.032217264175415,0.0,0.0,0.002681498182937503,4,0,0.0,0.0,29.626220703125,14.81544017791748,14.816618919372559,14.851137161254883,14.8419828414917,12.346501350402832,12.353869438171387,12.56960391998291,12.5123929977417
0,23.052578926086426,0.0,0.0,0.002960984595119953,4,0,0.0,0.0,29.626220703125,14.815439224243164,14.816617012023926,14.851122856140137,14.841976165771484,12.346494674682617,12.353856086730957,12.569517135620117,12.51235294342041
0,23.07034921646118,0.0,0.0,0.0023289681412279606,4,1,0.0,0.0,29.626220703125,14.815438270568848,14.816615104675293,14.851110458374023,14.841970443725586,12.346488952636719,12.35384464263916,12.569442749023438,12.51231861114502
0,23.088117837905884,0.0,0.0,0.005315478425472975,4,1,0.0,0.0,29.626220703125,14.815437316894531,14.81661319732666,14.851099014282227,14.841965675354004,12.34648323059082,12.353833198547363,12.569368362426758,12.512284278869629
0,23.10860538482666,0.0,0.0,0.00411884905770421,4,0,0.0,0.0,29.626220703125,14.815436363220215,14.816611289978027,14.85108757019043,14.841959953308105,12.346477508544922,12.353821754455566,12.569293975830078,12.512249946594238
0,23.125974893569946,0.0,0.0,0.0019661609549075365,4,0,0.0,0.0,29.626220703125,14.815435409545898,14.816609382629395,14.851075172424316,14.841954231262207,12.346471786499023,12.35381031036377,12.569219589233398,12.512215614318848
0,23.1456515789032,0.0,0.0,0.002852938137948513,4,1,0.0,0.0,29.626220703125,14.815434455871582,14.816607475280762,14.85106086730957,14.841947555541992,12.346465110778809,12.35379695892334,12.569132804870605,12.512175559997559
0,23.16466784477234,0.0,0.0,0.00236868136562407,4,0,0.0,0.0,29.626220703125,14.815433502197266,14.816605567932129,14.851049423217773,14.84194278717041,12.34645938873291,12.353785514831543,12.569058418273926,12.512141227722168
0,23.18792462348938,0.0,0.0,0.003538649994879961,4,0,0.0,0.0,29.626220703125,14.81543254852295,14.81660270690918,14.851033210754395,14.841935157775879,12.346451759338379,12.35377025604248,12.56895923614502,12.51209545135498
0,23.207402229309082,0.0,0.0,0.0011256997240707278,4,1,0.0,0.0,29.626220703125,14.815431594848633,14.816601753234863,14.851021766662598,14.841930389404297,12.34644603729248,12.353758811950684,12.56888484954834,12.51206111907959
0,23.22480607032776,0.0,0.0,0.0031784791499376297,4,1,0.0,0.0,29.626220703125,14.815430641174316,14.81659984588623,14.851009368896484,14.841924667358398,12.346440315246582,12.353747367858887,12.56881046295166,12.5120267868042
0,23.242266178131104,0.0,0.0,0.004039524123072624,4,0,0.0,0.0,29.626220703125,14.8154296875,14.816597938537598,14.850997924804688,14.8419189453125,12.346434593200684,12.35373592376709,12.56873607635498,12.511992454528809
0,23.261038780212402,0.0,0.0,0.0027131615206599236,4,0,0.0,0.0,29.626220703125,14.815428733825684,14.816596031188965,14.85098648071289,14.841913223266602,12.346428871154785,12.353724479675293,12.5686616897583,12.511958122253418
0,23.278371334075928,0.0,0.0,0.002463195938616991,4,1,0.0,0.0,29.626220703125,14.815427780151367,14.816594123840332,14.850974082946777,14.841907501220703,12.346423149108887,12.353713035583496,12.568587303161621,12.511923789978027
0,23.296563625335693,0.0,0.0,0.0031902140472084284,4,1,0.0,0.0,29.626220703125,14.81542682647705,14.8165922164917,14.850961685180664,14.841901779174805,12.346417427062988,12.3537015914917,12.568512916564941,12.511889457702637
0,23.31861400604248,0.0,0.0,0.0018292715540155768,4,0,0.0,0.0,29.626220703125,14.815425872802734,14.816590309143066,14.850948333740234,14.841896057128906,12.346410751342773,12.35368824005127,12.568426132202148,12.511849403381348
0,23.343247890472412,0.0,0.0,0.0017119701951742172,4,0,0.0,0.0,29.626220703125,14.815423965454102,14.816587448120117,14.850930213928223,14.841887474060059,12.346402168273926,12.353671073913574,12.568314552307129,12.511797904968262
0,23.36110782623291,0.0,0.0,0.0013766183983534575,4,1,0.0,0.0,29.626220703125,14.815423965454102,14.816585540771484,14.850918769836426,14.841882705688477,12.346396446228027,12.353659629821777,12.56824016571045,12.511763572692871
0,23.379483222961426,0.0,0.0,0.0020691626705229282,4,1,0.0,0.0,29.626220703125,14.815422058105469,14.816583633422852,14.850906372070312,14.841876983642578,12.346390724182129,12.35364818572998,12.56816577911377,12.51172924041748
0,23.397955894470215,0.0,0.0,0.0022764161694794893,4,0,0.0,0.0,29.626220703125,14.815422058105469,14.816581726074219,14.850894927978516,14.84187126159668,12.34638500213623,12.353636741638184,12.56809139251709,12.51169490814209
0,23.41539716720581,0.0,0.0,0.0010181196266785264,4,0,0.0,0.0,29.626220703125,14.815420150756836,14.816579818725586,14.850882530212402,14.841865539550781,12.346379280090332,12.353625297546387,12.56801700592041,12.5116605758667
0,23.43369460105896,0.0,0.0,0.001967737916857004,4,1,0.0,0.0,29.626220703125,14.815420150756836,14.816577911376953,14.850871086120605,14.841859817504883,12.346373558044434,12.35361385345459,12.56794261932373,12.511626243591309
0,23.453530311584473,0.0,0.0,0.002337381476536393,4,0,0.0,0.0,29.626220703125,14.81541919708252,14.81657600402832,14.850858688354492,14.8418550491333,12.346367835998535,12.353602409362793,12.56786823272705,12.511591911315918
0,23.471252918243408,0.0,0.0,0.0037727742455899715,4,0,0.0,0.0,29.626220703125,14.815418243408203,14.816574096679688,14.850847244262695,14.841849327087402,12.346362113952637,12.353590965270996,12.567793846130371,12.511557579040527
0,23.490062713623047,0.0,0.0,0.0015698923962190747,4,1,0.0,0.0,29.626220703125,14.81541633605957,14.816572189331055,14.85083293914795,14.841842651367188,12.346355438232422,12.353577613830566,12.567707061767578,12.511517524719238
0,23.507811069488525,0.0,0.0,0.0022687138989567757,4,1,0.0,0.0,29.626220703125,14.81541633605957,14.816571235656738,14.850823402404785,14.841838836669922,12.34635066986084,12.353568077087402,12.567645072937012,12.511488914489746
0,23.527956008911133,0.0,0.0,0.0030016708187758923,4,0,0.0,0.0,29.626220703125,14.815415382385254,14.816568374633789,14.850809097290039,14.841832160949707,12.346343994140625,12.353554725646973,12.567558288574219,12.511448860168457
0,23.545308113098145,0.0,0.0,0.001878949347883463,4,0,0.0,0.0,29.626220703125,14.815414428710938,14.816566467285156,14.850797653198242,14.841826438903809,12.346338272094727,12.353543281555176,12.567483901977539,12.511414527893066
0,23.562559843063354,0.0,0.0,0.0035747529473155737,4,1,0.0,0.0,29.626220703125,14.815413475036621,14.816564559936523,14.850785255432129,14.84182071685791,12.346332550048828,12.353531837463379,12.56740951538086,12.511380195617676
0,23.580400705337524,0.0,0.0,0.003942543640732765,4,0,0.0,0.0,29.626220703125,14.815412521362305,14.816563606262207,14.850773811340332,14.841815948486328,12.34632682800293,12.353520393371582,12.56733512878418,12.511345863342285
0,23.59775185585022,0.0,0.0,0.0014409559080377221,4,0,0.0,0.0,29.626220703125,14.815411567687988,14.816561698913574,14.850763320922852,14.84181022644043,12.346322059631348,12.353510856628418,12.567273139953613,12.511317253112793
0,23.615029096603394,0.0,0.0,0.004108099266886711,4,0,0.0,0.0,29.626220703125,14.815410614013672,14.816559791564941,14.850751876831055,14.841805458068848,12.34631633758545,12.353499412536621,12.567198753356934,12.511282920837402
0,23.63994288444519,0.0,0.0,0.0023031719028949738,4,0,0.0,0.0,29.626220703125,14.815408706665039,14.816556930541992,14.850733757019043,14.841796875,12.346307754516602,12.353482246398926,12.567087173461914,12.511231422424316
0,23.657353162765503,0.0,0.0,0.0013760282890871167,4,0,0.0,0.0,29.626220703125,14.815408706665039,14.816555976867676,14.850724220275879,14.841793060302734,12.34630298614502,12.353472709655762,12.567025184631348,12.511202812194824
0,23.6754629611969,0.0,0.0,0.0028742935974150896,4,0,0.0,0.0,29.626220703125,14.815407752990723,14.816554069519043,14.850711822509766,14.841787338256836,12.346297264099121,12.353461265563965,12.566950798034668,12.511168479919434
0,23.694416046142578,0.0,0.0,0.0010574242332950234,4,1,0.0,0.0,29.626220703125,14.815406799316406,14.816551208496094,14.850698471069336,14.841780662536621,12.346290588378906,12.353447914123535,12.566864013671875,12.511128425598145
0,23.71281862258911,0.0,0.0,0.002442366676405072,4,0,0.0,0.0,29.626220703125,14.81540584564209,14.816549301147461,14.850686073303223,14.841774940490723,12.346284866333008,12.353436470031738,12.566789627075195,12.511094093322754
0,23.731648206710815,0.0,0.0,0.0013887913664802909,4,0,0.0,0.0,29.626220703125,14.815404891967773,14.816548347473145,14.850674629211426,14.84177017211914,12.34627914428711,12.353425025939941,12.566715240478516,12.511059761047363
0,23.749930143356323,0.0,0.0,0.0029657664708793163,4,1,0.0,0.0,29.626220703125,14.815403938293457,14.816546440124512,14.850662231445312,14.841764450073242,12.346273422241211,12.353413581848145,12.566640853881836,12.511025428771973
0,23.7702739238739,0.0,0.0,0.001833069953136146,4,0,0.0,0.0,29.626220703125,14.81540298461914,14.816543579101562,14.850648880004883,14.841757774353027,12.346266746520996,12.353400230407715,12.566554069519043,12.510985374450684
0,23.79560112953186,0.0,0.0,0.0019740674179047346,4,0,0.0,0.0,29.626220703125,14.815401077270508,14.81654167175293,14.850632667541504,14.841750144958496,12.346259117126465,12.353384971618652,12.566454887390137,12.510939598083496
0,23.814473390579224,0.0,0.0,0.0020065205171704292,4,0,0.0,0.0,29.626220703125,14.815400123596191,14.816539764404297,14.850618362426758,14.841743469238281,12.34625244140625,12.353371620178223,12.566368103027344,12.510899543762207
0,23.832348108291626,0.0,0.0,0.0020217234268784523,4,0,0.0,0.0,29.626220703125,14.815399169921875,14.816537857055664,14.850606918334961,14.8417387008667,12.346246719360352,12.353360176086426,12.566293716430664,12.510865211486816
0,23.849682807922363,0.0,0.0,0.0013098790077492595,4,0,0.0,0.0,29.626220703125,14.815399169921875,14.816535949707031,14.850597381591797,14.841733932495117,12.34624195098877,12.353350639343262,12.566231727600098,12.510836601257324
0,23.871361017227173,0.0,0.0,0.0030970321968197823,4,0,0.0,0.0,29.626220703125,14.815397262573242,14.816534042358398,14.850581169128418,14.841726303100586,12.346234321594238,12.3533353805542,12.566132545471191,12.510790824890137
0,23.888757467269897,0.0,0.0,0.002353826304897666,4,0,0.0,0.0,29.626220703125,14.815397262573242,14.816532135009766,14.850571632385254,14.84172248840332,12.346229553222656,12.353325843811035,12.566070556640625,12.510762214660645
0,23.906733989715576,0.0,0.0,0.004018498584628105,4,0,0.0,0.0,29.626220703125,14.81539535522461,14.816530227661133,14.85055923461914,14.841716766357422,12.346223831176758,12.353314399719238,12.565996170043945,12.510727882385254
0,23.926554679870605,0.0,0.0,0.00257670134305954,4,1,0.0,0.0,29.626220703125,14.81539535522461,14.8165283203125,14.850545883178711,14.841710090637207,12.346217155456543,12.353301048278809,12.565909385681152,12.510687828063965
0,23.950933694839478,0.0,0.0,0.0021153565030544996,4,0,0.0,0.0,29.626220703125,14.815393447875977,14.81652545928955,14.850529670715332,14.841702461242676,12.346209526062012,12.353285789489746,12.565810203552246,12.510642051696777
0,23.96863031387329,0.0,0.0,0.002447156235575676,4,0,0.0,0.0,29.626220703125,14.81539249420166,14.816524505615234,14.850517272949219,14.841697692871094,12.346203804016113,12.35327434539795,12.565735816955566,12.510607719421387
0,23.989768266677856,0.0,0.0,0.0031911323312669992,4,0,0.0,0.0,29.626220703125,14.815391540527344,14.816521644592285,14.850503921508789,14.841691017150879,12.346197128295898,12.35326099395752,12.565649032592773,12.510567665100098
0,24.007742404937744,0.0,0.0,0.002537329215556383,4,0,0.0,0.0,29.626220703125,14.815390586853027,14.816519737243652,14.850492477416992,14.84168529510498,12.34619140625,12.353249549865723,12.565574645996094,12.510533332824707
0,24.025282859802246,0.0,0.0,0.0018440240528434515,4,0,0.0,0.0,29.626220703125,14.815389633178711,14.81651782989502,14.850480079650879,14.841679573059082,12.346185684204102,12.353238105773926,12.565500259399414,12.510499000549316
0,24.042778253555298,0.0,0.0,0.0008206287166103721,4,0,0.0,0.0,29.626220703125,14.815388679504395,14.816516876220703,14.850467681884766,14.8416748046875,12.346179962158203,12.353226661682129,12.565425872802734,12.510464668273926
0,24.060060739517212,0.0,0.0,0.0024424511939287186,4,0,0.0,0.0,29.626220703125,14.815387725830078,14.81651496887207,14.850456237792969,14.841669082641602,12.346174240112305,12.353215217590332,12.565351486206055,12.510430335998535
0,24.07809829711914,0.0,0.0,0.0030887832399457693,4,0,0.0,0.0,29.626220703125,14.815386772155762,14.816513061523438,14.850444793701172,14.841663360595703,12.346168518066406,12.353203773498535,12.565277099609375,12.510396003723145
0,24.10078740119934,0.0,0.0,0.0017496745567768812,4,1,0.0,0.0,29.626220703125,14.815385818481445,14.816510200500488,14.850430488586426,14.841656684875488,12.346161842346191,12.353190422058105,12.565190315246582,12.510355949401855
0,24.121337413787842,0.0,0.0,0.0012053449172526598,4,0,0.0,0.0,29.626220703125,14.815384864807129,14.816508293151855,14.85041618347168,14.841650009155273,12.346155166625977,12.353177070617676,12.565103530883789,12.510315895080566
0,24.14060950279236,0.0,0.0,0.0031470537651330233,4,0,0.0,0.0,29.626220703125,14.815383911132812,14.816506385803223,14.850404739379883,14.841645240783691,12.346149444580078,12.353165626525879,12.56502914428711,12.510281562805176
0,24.1594340801239,0.0,0.0,0.0022785146720707417,4,0,0.0,0.0,29.626220703125,14.815382957458496,14.816505432128906,14.850395202636719,14.84164047241211,12.346144676208496,12.353156089782715,12.564967155456543,12.510252952575684
0,24.17736840248108,0.0,0.0,0.0033236308954656124,4,0,0.0,0.0,29.626220703125,14.81538200378418,14.816502571105957,14.85037899017334,14.841632843017578,12.346137046813965,12.353140830993652,12.564867973327637,12.510207176208496
0,24.19777536392212,0.0,0.0,0.001610862324014306,4,0,0.0,0.0,29.626220703125,14.815381050109863,14.816500663757324,14.850366592407227,14.84162712097168,12.346131324768066,12.353129386901855,12.564793586730957,12.510172843933105
0,24.215734481811523,0.0,0.0,0.0018382305279374123,4,0,0.0,0.0,29.626220703125,14.815380096435547,14.816498756408691,14.85035514831543,14.841622352600098,12.346125602722168,12.353117942810059,12.564719200134277,12.510138511657715
0,24.23810863494873,0.0,0.0,0.0015856485115364194,4,1,0.0,0.0,29.626220703125,14.81537914276123,14.816495895385742,14.85033893585205,14.841614723205566,12.346117973327637,12.353102684020996,12.564620018005371,12.510092735290527
0,24.260499715805054,0.0,0.0,0.0016867814119905233,4,0,0.0,0.0,29.626220703125,14.815378189086914,14.81649398803711,14.850325584411621,14.841608047485352,12.346111297607422,12.353089332580566,12.564533233642578,12.510052680969238
0,24.278433084487915,0.0,0.0,0.0009021652513183653,4,0,0.0,0.0,29.626220703125,14.815377235412598,14.816492080688477,14.850313186645508,14.84160327911377,12.346105575561523,12.35307788848877,12.564458847045898,12.510018348693848
0,24.300325632095337,0.0,0.0,0.0009424053132534027,4,0,0.0,0.0,29.626220703125,14.815376281738281,14.816490173339844,14.850297927856445,14.841595649719238,12.346097946166992,12.353062629699707,12.564359664916992,12.50997257232666
0,24.32075810432434,0.0,0.0,0.0024320913944393396,4,1,0.0,0.0,29.626220703125,14.815374374389648,14.816488265991211,14.850285530090332,14.84158992767334,12.346092224121094,12.35305118560791,12.564285278320312,12.50993824005127
0,24.33818554878235,0.0,0.0,0.002127216197550297,4,0,0.0,0.0,29.626220703125,14.815374374389648,14.816486358642578,14.850274085998535,14.841585159301758,12.346086502075195,12.353039741516113,12.564210891723633,12.509903907775879
0,24.355631351470947,0.0,0.0,0.003685368923470378,4,0,0.0,0.0,29.626220703125,14.815372467041016,14.816484451293945,14.850261688232422,14.84157943725586,12.346080780029297,12.353028297424316,12.564136505126953,12.509869575500488
0,24.37817144393921,0.0,0.0,0.0015193026047199965,4,1,0.0,0.0,29.626220703125,14.8153715133667,14.816482543945312,14.85024642944336,14.841571807861328,12.346073150634766,12.353013038635254,12.564037322998047,12.5098237991333
0,24.39645767211914,0.0,0.0,0.0015729668084532022,4,1,0.0,0.0,29.626220703125,14.815370559692383,14.81648063659668,14.850234031677246,14.84156608581543,12.346067428588867,12.353001594543457,12.563962936401367,12.50978946685791
0,24.415335178375244,0.0,0.0,0.0005293344729579985,4,0,0.0,0.0,29.626220703125,14.815369606018066,14.816478729248047,14.850221633911133,14.841560363769531,12.346061706542969,12.35299015045166,12.563888549804688,12.50975513458252
0,24.434736013412476,0.0,0.0,0.0015232276637107134,4,0,0.0,0.0,29.626220703125,14.81536865234375,14.816476821899414,14.850210189819336,14.84155559539795,12.34605598449707,12.352978706359863,12.563814163208008,12.509720802307129
0,24.45209050178528,0.0,0.0,0.0004594605998136103,4,0,0.0,0.0,29.626220703125,14.81536865234375,14.816474914550781,14.850198745727539,14.841550827026367,12.346050262451172,12.352967262268066,12.563739776611328,12.50969123840332
0,24.46973419189453,0.0,0.0,0.00020004386897198856,4,0,0.0,0.0,29.626220703125,14.815366744995117,14.816473007202148,14.850186347961426,14.841546058654785,12.346044540405273,12.35295581817627,12.563665390014648,12.509662628173828
0,24.487204551696777,0.0,0.0,0.0015317563666030765,4,0,0.0,0.0,29.626220703125,14.815366744995117,14.816471099853516,14.850174903869629,14.841541290283203,12.346038818359375,12.352944374084473,12.563591003417969,12.509634017944336
0,24.50552010536194,0.0,0.0,0.0019635020289570093,4,0,0.0,0.0,29.626220703125,14.815364837646484,14.816469192504883,14.850162506103516,14.841537475585938,12.346033096313477,12.352932929992676,12.563516616821289,12.509605407714844
0,24.524677515029907,0.0,0.0,0.001924759242683649,4,0,0.0,0.0,29.626220703125,14.815364837646484,14.81646728515625,14.850151062011719,14.841531753540039,12.346027374267578,12.352921485900879,12.56344223022461,12.509576797485352
0,24.54751181602478,0.0,0.0,0.0019907488021999598,4,0,0.0,0.0,29.626220703125,14.815362930297852,14.816465377807617,14.85013484954834,14.84152603149414,12.346019744873047,12.352906227111816,12.563343048095703,12.509538650512695
0,24.56616711616516,0.0,0.0,0.0007401565089821815,4,0,0.0,0.0,29.626220703125,14.815361976623535,14.816463470458984,14.850122451782227,14.841522216796875,12.346014022827148,12.35289478302002,12.563268661499023,12.509510040283203
0,24.584088802337646,0.0,0.0,0.0003506708308123052,4,1,0.0,0.0,29.626220703125,14.815361022949219,14.816461563110352,14.85011100769043,14.841516494750977,12.34600830078125,12.352883338928223,12.563194274902344,12.509481430053711
0,24.602668523788452,0.0,0.0,0.0018759939121082425,4,0,0.0,0.0,29.626220703125,14.815360069274902,14.816459655761719,14.85009765625,14.841511726379395,12.346001625061035,12.352869987487793,12.56310749053955,12.509448051452637
0,24.622917890548706,0.0,0.0,0.001579510048031807,4,0,0.0,0.0,29.626220703125,14.815359115600586,14.816457748413086,14.850085258483887,14.841506958007812,12.345995903015137,12.352858543395996,12.563033103942871,12.509419441223145
0,24.64226007461548,0.0,0.0,0.0005753214936703444,4,1,0.0,0.0,29.626220703125,14.81535816192627,14.816455841064453,14.85007095336914,14.841501235961914,12.345989227294922,12.352845191955566,12.562946319580078,12.50938606262207
0,24.659714937210083,0.0,0.0,0.002223057672381401,4,1,0.0,0.0,29.626220703125,14.815357208251953,14.81645393371582,14.850061416625977,14.841497421264648,12.34598445892334,12.352835655212402,12.562884330749512,12.50936222076416
0,24.68108892440796,0.0,0.0,0.0029427038971334696,4,0,0.0,0.0,29.626220703125,14.815356254577637,14.816452026367188,14.850048065185547,14.841492652893066,12.345977783203125,12.352822303771973,12.562797546386719,12.509328842163086
0,24.700148820877075,0.0,0.0,0.0022950449492782354,4,0,0.0,0.0,29.626220703125,14.81535530090332,14.816449165344238,14.8500337600708,14.841487884521484,12.34597110748291,12.352808952331543,12.562710762023926,12.509295463562012
0,24.72071599960327,0.0,0.0,0.0021240701898932457,4,1,0.0,0.0,29.626220703125,14.815354347229004,14.816447257995605,14.850019454956055,14.841482162475586,12.345964431762695,12.352795600891113,12.562623977661133,12.509262084960938
0,24.738821268081665,0.0,0.0,0.0016125845722854137,4,1,0.0,0.0,29.626220703125,14.815353393554688,14.816445350646973,14.850008010864258,14.841477394104004,12.345958709716797,12.352784156799316,12.562549591064453,12.509233474731445
0,24.762680292129517,0.0,0.0,0.002234643790870905,4,0,0.0,0.0,29.626220703125,14.815352439880371,14.816442489624023,14.849991798400879,14.841470718383789,12.345951080322266,12.352768898010254,12.562450408935547,12.509195327758789
0,24.780415296554565,0.0,0.0,0.0006131189875304699,4,0,0.0,0.0,29.626220703125,14.815351486206055,14.816441535949707,14.849980354309082,14.841466903686523,12.345945358276367,12.352757453918457,12.562376022338867,12.509166717529297
0,24.799841165542603,0.0,0.0,0.001029467792250216,4,1,0.0,0.0,29.626220703125,14.815350532531738,14.816439628601074,14.849967956542969,14.841462135314941,12.345939636230469,12.35274600982666,12.562301635742188,12.509138107299805
0,24.818562030792236,0.0,0.0,0.004387558903545141,4,1,0.0,0.0,29.626220703125,14.815349578857422,14.816437721252441,14.849956512451172,14.84145736694336,12.34593391418457,12.352734565734863,12.562227249145508,12.509109497070312
0,24.83683204650879,0.0,0.0,0.0028905917424708605,4,0,0.0,0.0,29.626220703125,14.815348625183105,14.816435813903809,14.849945068359375,14.841453552246094,12.345928192138672,12.352723121643066,12.562152862548828,12.50908088684082
0,24.85516619682312,0.0,0.0,0.0015632475260645151,4,1,0.0,0.0,29.626220703125,14.815347671508789,14.816433906555176,14.849930763244629,14.841447830200195,12.345921516418457,12.352709770202637,12.562066078186035,12.509047508239746
0,24.873428106307983,0.0,0.0,0.0018401321722194552,4,1,0.0,0.0,29.626220703125,14.815346717834473,14.816431999206543,14.849918365478516,14.841443061828613,12.345915794372559,12.35269832611084,12.561991691589355,12.509018898010254
0,24.891425371170044,0.0,0.0,0.0016953552840277553,4,0,0.0,0.0,29.626220703125,14.815345764160156,14.81643009185791,14.849906921386719,14.841438293457031,12.34591007232666,12.352686882019043,12.561917304992676,12.508990287780762
0,24.909658432006836,0.0,0.0,0.0014920402318239212,4,0,0.0,0.0,29.626220703125,14.81534481048584,14.816428184509277,14.849895477294922,14.841434478759766,12.345904350280762,12.352675437927246,12.561842918395996,12.50896167755127
0,24.927565574645996,0.0,0.0,0.0006488703656941652,4,1,0.0,0.0,29.626220703125,14.815343856811523,14.816426277160645,14.849883079528809,14.841428756713867,12.345898628234863,12.35266399383545,12.561768531799316,12.508933067321777
0,24.945132970809937,0.0,0.0,0.003745340509340167,4,0,0.0,0.0,29.626220703125,14.815342903137207,14.816424369812012,14.849870681762695,14.841424942016602,12.345892906188965,12.352652549743652,12.561694145202637,12.508904457092285
0,24.96308946609497,0.0,0.0,0.004295221995562315,4,0,0.0,0.0,29.626220703125,14.81534194946289,14.816422462463379,14.849859237670898,14.84142017364502,12.345887184143066,12.352641105651855,12.561619758605957,12.508875846862793
0,24.98430299758911,0.0,0.0,0.0024411450140178204,4,0,0.0,0.0,29.626220703125,14.815340995788574,14.816420555114746,14.849845886230469,14.841415405273438,12.345880508422852,12.352627754211426,12.561532974243164,12.508842468261719
0,25.005799770355225,0.0,0.0,0.002104210201650858,4,0,0.0,0.0,29.626220703125,14.815340042114258,14.816418647766113,14.849831581115723,14.841409683227539,12.345873832702637,12.352614402770996,12.561446189880371,12.508809089660645
0,25.025049448013306,0.0,0.0,0.0007933147717267275,4,0,0.0,0.0,29.626220703125,14.815339088439941,14.81641674041748,14.84981918334961,14.841404914855957,12.345868110656738,12.3526029586792,12.561371803283691,12.508780479431152
0,25.045799493789673,0.0,0.0,0.0024006625171750784,4,0,0.0,0.0,29.626220703125,14.815338134765625,14.816413879394531,14.84980583190918,14.841400146484375,12.345861434936523,12.35258960723877,12.561285018920898,12.508747100830078
0,25.065659999847412,0.0,0.0,0.0007156579522415996,4,0,0.0,0.0,29.626220703125,14.815336227416992,14.816411972045898,14.849791526794434,14.841395378112793,12.345854759216309,12.35257625579834,12.561198234558105,12.508719444274902
0,25.083420276641846,0.0,0.0,0.00032011864823289216,4,0,0.0,0.0,29.626220703125,14.815336227416992,14.816410064697266,14.849780082702637,14.841392517089844,12.34584903717041,12.352564811706543,12.561123847961426,12.508702278137207
0,25.100810766220093,0.0,0.0,0.002582116983830929,4,0,0.0,0.0,29.626220703125,14.815335273742676,14.81640911102295,14.849770545959473,14.841390609741211,12.345844268798828,12.352555274963379,12.561064720153809,12.508687973022461
0,25.118035793304443,0.0,0.0,0.00015638236072845757,4,0,0.0,0.0,29.626220703125,14.81533432006836,14.816407203674316,14.849759101867676,14.841386795043945,12.34583854675293,12.352543830871582,12.560996055603027,12.508670806884766
0,25.137211799621582,0.0,0.0,0.0007136026979424059,4,0,0.0,0.0,29.626220703125,14.815333366394043,14.816404342651367,14.849746704101562,14.84138298034668,12.345831871032715,12.352530479431152,12.56091594696045,12.508644104003906
0,25.15817928314209,0.0,0.0,0.0022330679930746555,4,0,0.0,0.0,29.626220703125,14.815332412719727,14.816402435302734,14.849733352661133,14.841379165649414,12.3458251953125,12.352517127990723,12.560835838317871,12.508617401123047
0,25.176860809326172,0.0,0.0,0.0015740122180432081,4,1,0.0,0.0,29.626220703125,14.81533145904541,14.816400527954102,14.849722862243652,14.841375350952148,12.345819473266602,12.352505683898926,12.56076717376709,12.508594512939453
0,25.199461936950684,0.0,0.0,0.00023427678388543427,4,0,0.0,0.0,29.626220703125,14.815330505371094,14.816398620605469,14.849710464477539,14.841370582580566,12.345812797546387,12.352492332458496,12.560687065124512,12.508567810058594
0,25.220630168914795,0.0,0.0,0.0003376001841388643,4,0,0.0,0.0,29.626220703125,14.815328598022461,14.816396713256836,14.84969711303711,14.8413667678833,12.345806121826172,12.352478981018066,12.560606956481934,12.508541107177734
0,25.238358974456787,0.0,0.0,0.001393318991176784,4,0,0.0,0.0,29.626220703125,14.815328598022461,14.816394805908203,14.849685668945312,14.841361999511719,12.345800399780273,12.35246753692627,12.560538291931152,12.508515357971191
0,25.25807237625122,0.0,0.0,0.00030015496304258704,4,1,0.0,0.0,29.626220703125,14.815326690673828,14.81639289855957,14.8496732711792,14.841357231140137,12.345793724060059,12.35245418548584,12.560458183288574,12.508481979370117
0,25.277711153030396,0.0,0.0,0.0016707406612113118,4,0,0.0,0.0,29.626220703125,14.815326690673828,14.816390991210938,14.849662780761719,14.841352462768555,12.34578800201416,12.352442741394043,12.560389518737793,12.508453369140625
0,25.29958701133728,0.0,0.0,0.0015915727708488703,4,0,0.0,0.0,29.626220703125,14.815324783325195,14.816388130187988,14.849647521972656,14.841346740722656,12.345780372619629,12.35242748260498,12.560297966003418,12.508415222167969
0,25.31876039505005,0.0,0.0,0.0022488534450531006,4,1,0.0,0.0,29.626220703125,14.815323829650879,14.816387176513672,14.849637031555176,14.841341972351074,12.34577465057373,12.352416038513184,12.560229301452637,12.508386611938477
0,25.336095809936523,0.0,0.0,0.001271784771233797,4,0,0.0,0.0,29.626220703125,14.815322875976562,14.816385269165039,14.849625587463379,14.841337203979492,12.345768928527832,12.352404594421387,12.560160636901855,12.508358001708984
0,25.354218244552612,0.0,0.0,0.002348397858440876,4,0,0.0,0.0,29.626220703125,14.815321922302246,14.816383361816406,14.849615097045898,14.84133243560791,12.345763206481934,12.35239315032959,12.560091972351074,12.508329391479492
0,25.371588230133057,0.0,0.0,0.0006808426696807146,4,1,0.0,0.0,29.626220703125,14.81532096862793,14.816381454467773,14.849603652954102,14.841327667236328,12.345757484436035,12.352381706237793,12.560023307800293,12.50830078125
0,25.389647722244263,0.0,0.0,0.0018458268605172634,4,1,0.0,0.0,29.626220703125,14.815320014953613,14.81637954711914,14.849592208862305,14.841323852539062,12.345751762390137,12.352370262145996,12.559954643249512,12.508272171020508
0,25.407511949539185,0.0,0.0,0.0028780344873666763,4,0,0.0,0.0,29.626220703125,14.815319061279297,14.816377639770508,14.849581718444824,14.84131908416748,12.345746040344238,12.3523588180542,12.55988597869873,12.508243560791016
0,25.425243139266968,0.0,0.0,0.0015636826865375042,4,0,0.0,0.0,29.626220703125,14.815319061279297,14.816375732421875,14.849571228027344,14.841314315795898,12.34574031829834,12.352347373962402,12.55981731414795,12.508214950561523
0,25.444025993347168,0.0,0.0,0.0007469092961400747,4,1,0.0,0.0,29.626220703125,14.815317153930664,14.816373825073242,14.849559783935547,14.841309547424316,12.345734596252441,12.352335929870605,12.559748649597168,12.508186340332031
0,25.46181297302246,0.0,0.0,0.0027848570607602596,4,0,0.0,0.0,29.626220703125,14.815317153930664,14.81637191772461,14.84954833984375,14.841304779052734,12.345728874206543,12.352324485778809,12.559679985046387,12.508157730102539
0,25.4805006980896,0.0,0.0,0.0002428758016321808,4,0,0.0,0.0,29.626220703125,14.815315246582031,14.816370010375977,14.84953784942627,14.841300964355469,12.345723152160645,12.352313041687012,12.559611320495605,12.508129119873047
0,25.49783492088318,0.0,0.0,0.001558495219796896,4,0,0.0,0.0,29.626220703125,14.815315246582031,14.816368103027344,14.849527359008789,14.84129524230957,12.345717430114746,12.352301597595215,12.559542655944824,12.508096694946289
0,25.516547203063965,0.0,0.0,0.0013598636724054813,4,1,0.0,0.0,29.626220703125,14.815313339233398,14.816366195678711,14.849515914916992,14.841289520263672,12.345711708068848,12.352290153503418,12.559473991394043,12.508062362670898
0,25.53646230697632,0.0,0.0,0.001702193054370582,4,0,0.0,0.0,29.626220703125,14.815313339233398,14.816364288330078,14.849502563476562,14.841283798217773,12.345705032348633,12.352276802062988,12.559393882751465,12.50802230834961
0,25.554436922073364,0.0,0.0,0.0011357164476066828,4,1,0.0,0.0,29.626220703125,14.815311431884766,14.816362380981445,14.849492073059082,14.841278076171875,12.345699310302734,12.352265357971191,12.559325218200684,12.507987976074219
0,25.571755170822144,0.0,0.0,0.0034837715793401003,4,1,0.0,0.0,29.626220703125,14.815311431884766,14.816360473632812,14.849483489990234,14.841273307800293,12.345694541931152,12.352255821228027,12.5592679977417,12.507959365844727
0,25.592897653579712,0.0,0.0,0.002745032077655196,4,0,0.0,0.0,29.626220703125,14.815309524536133,14.81635856628418,14.849468231201172,14.841266632080078,12.345686912536621,12.352240562438965,12.559176445007324,12.507913589477539
0,25.61249351501465,0.0,0.0,0.001292233937419951,4,0,0.0,0.0,29.626220703125,14.815309524536133,14.816356658935547,14.849456787109375,14.84126091003418,12.345681190490723,12.352229118347168,12.559107780456543,12.507879257202148
0,25.631538152694702,0.0,0.0,0.002113266149535775,4,1,0.0,0.0,29.626220703125,14.8153076171875,14.816354751586914,14.849446296691895,14.841255187988281,12.345675468444824,12.352217674255371,12.559039115905762,12.507844924926758
0,25.651796579360962,0.0,0.0,0.0021727941930294037,4,0,0.0,0.0,29.626220703125,14.8153076171875,14.816352844238281,14.849433898925781,14.841248512268066,12.34566879272461,12.352204322814941,12.558959007263184,12.507804870605469
0,25.66974925994873,0.0,0.0,0.0020681279711425304,4,0,0.0,0.0,29.626220703125,14.815305709838867,14.816350936889648,14.849422454833984,14.841243743896484,12.345663070678711,12.352192878723145,12.558890342712402,12.507770538330078
0,25.68820023536682,0.0,0.0,0.0029747337102890015,4,1,0.0,0.0,29.626220703125,14.815305709838867,14.816349029541016,14.849411010742188,14.841238021850586,12.345657348632812,12.352181434631348,12.558821678161621,12.507736206054688
0,25.71027445793152,0.0,0.0,0.0021306665148586035,4,0,0.0,0.0,29.626220703125,14.815303802490234,14.816347122192383,14.849396705627441,14.841230392456055,12.345649719238281,12.352166175842285,12.558730125427246,12.5076904296875
0,25.729254961013794,0.0,0.0,0.0033717139158397913,4,0,0.0,0.0,29.626220703125,14.815302848815918,14.81634521484375,14.849386215209961,14.841224670410156,12.345643997192383,12.352154731750488,12.558661460876465,12.50765609741211
0,25.74642515182495,0.0,0.0,0.0012525358470156789,4,0,0.0,0.0,29.626220703125,14.815301895141602,14.816343307495117,14.849374771118164,14.841218948364258,12.345638275146484,12.352143287658691,12.558592796325684,12.507621765136719
0,25.764250993728638,0.0,0.0,0.0009839305421337485,4,0,0.0,0.0,29.626220703125,14.815300941467285,14.816341400146484,14.849363327026367,14.841214179992676,12.345632553100586,12.352131843566895,12.558524131774902,12.507587432861328
0,25.782794952392578,0.0,0.0,0.0013894562143832445,4,1,0.0,0.0,29.626220703125,14.815299987792969,14.816339492797852,14.849352836608887,14.841208457946777,12.345626831054688,12.352120399475098,12.558455467224121,12.507553100585938
0,25.802605867385864,0.0,0.0,0.0019263547146692872,4,1,0.0,0.0,29.626220703125,14.815299987792969,14.816337585449219,14.849342346191406,14.841202735900879,12.345621109008789,12.3521089553833,12.55838680267334,12.507518768310547
0,25.821974992752075,0.0,0.0,0.003315470414236188,4,0,0.0,0.0,29.626220703125,14.815298080444336,14.816335678100586,14.849328994750977,14.841196060180664,12.345614433288574,12.352095603942871,12.558306694030762,12.507478713989258
0,25.839274644851685,0.0,0.0,0.001430013682693243,4,1,0.0,0.0,29.626220703125,14.81529712677002,14.816333770751953,14.84931755065918,14.841191291809082,12.345608711242676,12.352084159851074,12.55823802947998,12.507444381713867
0,25.85816526412964,0.0,0.0,0.0026493072509765625,4,1,0.0,0.0,29.626220703125,14.815296173095703,14.81633186340332,14.8493070602417,14.841185569763184,12.345602989196777,12.352072715759277,12.5581693649292,12.507410049438477
0,25.880080461502075,0.0,0.0,0.0024695175234228373,4,0,0.0,0.0,29.626220703125,14.815295219421387,14.816329956054688,14.849294662475586,14.841178894042969,12.345596313476562,12.352059364318848,12.558089256286621,12.507369995117188
0,25.89992880821228,0.0,0.0,0.002531134057790041,4,0,0.0,0.0,29.626220703125,14.81529426574707,14.816327095031738,14.849281311035156,14.84117317199707,12.345589637756348,12.352046012878418,12.558009147644043,12.507329940795898
0,25.921425342559814,0.0,0.0,0.0034549131523817778,4,1,0.0,0.0,29.626220703125,14.815293312072754,14.816325187683105,14.849268913269043,14.841166496276855,12.345582962036133,12.352032661437988,12.557929039001465,12.50728988647461
0,25.94099712371826,0.0,0.0,0.00179377943277359,4,0,0.0,0.0,29.626220703125,14.815292358398438,14.816323280334473,14.849257469177246,14.841160774230957,12.345577239990234,12.352021217346191,12.557860374450684,12.507255554199219
0,25.958330631256104,0.0,0.0,0.0033653678838163614,4,0,0.0,0.0,29.626220703125,14.815291404724121,14.81632137298584,14.849246978759766,14.841156005859375,12.345571517944336,12.352009773254395,12.557791709899902,12.507221221923828
0,25.976199865341187,0.0,0.0,0.002100681886076927,4,1,0.0,0.0,29.626220703125,14.815290451049805,14.816319465637207,14.849235534667969,14.841150283813477,12.345565795898438,12.351998329162598,12.557723045349121,12.507186889648438
0,25.99406361579895,0.0,0.0,0.0023655921686440706,4,1,0.0,0.0,29.626220703125,14.815289497375488,14.81631851196289,14.849225044250488,14.841144561767578,12.345560073852539,12.3519868850708,12.55765438079834,12.507152557373047
0,26.020431756973267,0.0,0.0,0.0011771807912737131,4,0,0.0,0.0,29.626220703125,14.815288543701172,14.816314697265625,14.84920883178711,14.84113597869873,12.345551490783691,12.351969718933105,12.557551383972168,12.507101058959961
0,26.037816286087036,0.0,0.0,0.002140302211046219,4,0,0.0,0.0,29.626220703125,14.815287590026855,14.816312789916992,14.849197387695312,14.841131210327148,12.345545768737793,12.351958274841309,12.557482719421387,12.50706672668457
0,26.056679010391235,0.0,0.0,0.0032484116964042187,4,1,0.0,0.0,29.626220703125,14.815286636352539,14.816311836242676,14.849185943603516,14.84112548828125,12.345540046691895,12.351946830749512,12.557414054870605,12.50703239440918
0,26.074283361434937,0.0,0.0,0.0015863992739468813,4,1,0.0,0.0,29.626220703125,14.815285682678223,14.816309928894043,14.849175453186035,14.841119766235352,12.345534324645996,12.351935386657715,12.557345390319824,12.506998062133789
0,26.09280276298523,0.0,0.0,0.002374905627220869,4,0,0.0,0.0,29.626220703125,14.815284729003906,14.81630802154541,14.849164009094238,14.841114044189453,12.345528602600098,12.351923942565918,12.557276725769043,12.506963729858398
0,26.110973119735718,0.0,0.0,0.004339549224823713,4,0,0.0,0.0,29.626220703125,14.81528377532959,14.816306114196777,14.849153518676758,14.841108322143555,12.3455228805542,12.351912498474121,12.557208061218262,12.506929397583008
0,26.13099431991577,0.0,0.0,0.002249509561806917,4,1,0.0,0.0,29.626220703125,14.815282821655273,14.816304206848145,14.849140167236328,14.841102600097656,12.345516204833984,12.351899147033691,12.557127952575684,12.506889343261719
0,26.14973020553589,0.0,0.0,0.00040592256118543446,4,1,0.0,0.0,29.626220703125,14.815281867980957,14.816302299499512,14.849129676818848,14.841096878051758,12.345510482788086,12.351887702941895,12.557059288024902,12.506855010986328
0,26.167054414749146,0.0,0.0,0.001070006052032113,4,0,0.0,0.0,29.626220703125,14.81528091430664,14.816300392150879,14.84911823272705,14.84109115600586,12.345504760742188,12.351876258850098,12.556990623474121,12.506820678710938
0,26.184977531433105,0.0,0.0,0.002017698250710964,4,0,0.0,0.0,29.626220703125,14.815279960632324,14.816298484802246,14.84910774230957,14.841085433959961,12.345499038696289,12.3518648147583,12.55692195892334,12.506786346435547
0,26.202702522277832,0.0,0.0,0.0007169118616729975,4,0,0.0,0.0,29.626220703125,14.815279006958008,14.816296577453613,14.849096298217773,14.841080665588379,12.34549331665039,12.351853370666504,12.556853294372559,12.506752014160156
0,26.22014284133911,0.0,0.0,0.0002939281694125384,4,1,0.0,0.0,29.626220703125,14.815278053283691,14.81629467010498,14.849085807800293,14.84107494354248,12.345487594604492,12.351841926574707,12.556784629821777,12.506717681884766
0,26.23745322227478,0.0,0.0,0.00044402433559298515,4,1,0.0,0.0,29.626220703125,14.815277099609375,14.816293716430664,14.849076271057129,14.841070175170898,12.34548282623291,12.351832389831543,12.556727409362793,12.506689071655273
0,26.25511360168457,0.0,0.0,0.0008032311452552676,4,0,0.0,0.0,29.626220703125,14.815276145935059,14.816291809082031,14.849065780639648,14.841064453125,12.345477104187012,12.351820945739746,12.556658744812012,12.506654739379883
